raw_department,facility_count,canonical_keys,canonical_names,status
内科,59363,internal_general,内科（総合）,MAPPED
小児科,21475,pediatrics,小児科,MAPPED
リハビリテーション科,18817,rehabilitation,リハビリテーション科,MAPPED
整形外科,16919,orthopedics,整形外科,MAPPED
循環器内科,15934,cardiology,循環器内科,MAPPED
外科,15719,general_surgery,外科,MAPPED
消化器内科,15429,gastroenterology,消化器内科,MAPPED
皮膚科,15383,dermatology,皮膚科,MAPPED
精神科,10462,psychiatry,精神科,MAPPED
眼科,10299,ophthalmology,眼科,MAPPED
呼吸器内科,9906,respiratory,呼吸器内科,MAPPED
アレルギー科,9199,allergy,アレルギー,MAPPED
耳鼻咽喉科,7308,ent,耳鼻咽喉科,MAPPED
心療内科,6798,psychosomatic,心療内科,MAPPED
泌尿器科,6581,urology,泌尿器科,MAPPED
放射線科,6393,radiology,放射線科,MAPPED
リウマチ科,6078,rheumatology,リウマチ・膠原病,MAPPED
胃腸内科,5856,gastroenterology,消化器内科,MAPPED
脳神経内科,5752,neurology,脳神経内科,MAPPED
麻酔科,4755,anesthesiology,麻酔科,MAPPED
脳神経外科,4658,neurosurgery,脳神経外科,MAPPED
形成外科,3988,plastic_surgery,形成外科,MAPPED
肛門外科,3666,colorectal_anal_surgery,肛門・大腸外科,MAPPED
婦人科,3588,obgyn,産婦人科系,MAPPED
糖尿病内科,3537,diabetes_metabolic,糖尿病・代謝内科,MAPPED
産婦人科,3128,obgyn,産婦人科系,MAPPED
腎臓内科,2342,nephrology,腎臓内科,MAPPED
消化器外科,1915,gi_surgery,消化器外科,MAPPED
他,1882,,,UNRESOLVED
乳腺外科,1637,breast_surgery,乳腺外科,MAPPED
美容皮膚科,1579,cosmetic_dermatology,美容皮膚科,MAPPED
心臓血管外科,1364,cardiovascular_surgery,心臓血管外科,MAPPED
神経科,1300,psychiatry,精神科,MAPPED
産科,1226,obgyn,産婦人科系,MAPPED
人工透析内科,1210,nephrology,腎臓内科,MAPPED
内視鏡内科,1159,gastroenterology,消化器内科,MAPPED
呼吸器外科,1159,resp_surgery,呼吸器外科,MAPPED
病理診断科,1054,pathology,病理診断科,MAPPED
血液内科,901,hematology,血液内科,MAPPED
美容外科,877,cosmetic_surgery,美容外科,MAPPED
緩和ケア内科,821,palliative,緩和ケア,MAPPED
救急科,768,emergency,救急科,MAPPED
漢方内科,680,internal_general|kampo,内科（総合）|漢方・和漢,MAPPED
小児外科,679,pediatric_surgery,小児外科,MAPPED
内分泌内科,657,diabetes_metabolic,糖尿病・代謝内科,MAPPED
小児皮膚科,557,pediatric_dermatology,小児皮膚科,MAPPED
気食,535,ent,耳鼻咽喉科,MAPPED
肝臓内科,442,gastroenterology,消化器内科,MAPPED
老年内科,410,internal_general|geriatrics,内科（総合）|老年内科,MAPPED
ペインクリニック内科,382,internal_general|pain,内科（総合）|ペインクリニック,MAPPED
美皮,362,cosmetic_dermatology,美容皮膚科,MAPPED
血管外科,362,cardiovascular_surgery,心臓血管外科,MAPPED
児童精神科,351,psychiatry,精神科,MAPPED
腫瘍内科,337,oncology,腫瘍内科,MAPPED
放射線診断科,301,radiology_diagnostic,放射線診断科,MAPPED
救命,292,emergency,救急科,MAPPED
感染症内科,273,infectious,感染症内科,MAPPED
糖尿病・内分泌内科,261,diabetes_metabolic,糖尿病・代謝内科,MAPPED
小児耳鼻咽喉科,252,pediatric_ent,小児耳鼻咽喉科,MAPPED
放射線治療科,231,radiology_therapy,放射線治療科,MAPPED
肛門内科,216,internal_general,内科（総合）,MAPPED
内視内,215,gastroenterology,消化器内科,MAPPED
糖尿病・代謝内科,214,diabetes_metabolic,糖尿病・代謝内科,MAPPED
老年精神科,206,psychiatry,精神科,MAPPED
胃内,192,gastroenterology,消化器内科,MAPPED
臨床,174,lab_medicine,臨床検査科,MAPPED
ペインクリニック外科,164,general_surgery|pain,外科|ペインクリニック,MAPPED
代謝内科,162,diabetes_metabolic,糖尿病・代謝内科,MAPPED
頭頸部外科,157,head_neck_surgery,頭頸部外科,MAPPED
睡眠障害内科,151,internal_general|sleep_medicine,内科（総合）|睡眠医療,MAPPED
女性内科,148,womens_medicine,女性内科,MAPPED
漢内,147,kampo,漢方・和漢,MAPPED
耳,147,ent,耳鼻咽喉科,MAPPED
内視鏡外科,143,gi_surgery,消化器外科,MAPPED
腎臓内科（人工透析）,143,nephrology,腎臓内科,MAPPED
皮ひ,137,dermatology,皮膚科,MAPPED
小皮,131,pediatric_dermatology,小児皮膚科,MAPPED
和漢,130,kampo,漢方・和漢,MAPPED
人透内,129,nephrology,腎臓内科,MAPPED
性,125,,,UNRESOLVED
臨床検査科,122,lab_medicine,臨床検査科,MAPPED
小児眼科,110,pediatric_ophthalmology,小児眼科,MAPPED
脂質代謝内科,108,diabetes_metabolic,糖尿病・代謝内科,MAPPED
大腸・肛門外科,106,colorectal_anal_surgery,肛門・大腸外科,MAPPED
内分泌・代謝内科,104,diabetes_metabolic,糖尿病・代謝内科,MAPPED
内泌内,101,diabetes_metabolic,糖尿病・代謝内科,MAPPED
分内,98,diabetes_metabolic,糖尿病・代謝内科,MAPPED
疼痛緩和内科,94,palliative|pain,緩和ケア|ペインクリニック,MAPPED
肝内,94,gastroenterology,消化器内科,MAPPED
小耳い,90,pediatric_ent,小児耳鼻咽喉科,MAPPED
老内,85,geriatrics,老年内科,MAPPED
胃腸外科,85,gi_surgery,消化器外科,MAPPED
こう外,76,colorectal_anal_surgery,肛門・大腸外科,MAPPED
性感染症内科,76,infectious|sexual_medicine,感染症内科|性感染症・性病科,MAPPED
血外,76,cardiovascular_surgery,心臓血管外科,MAPPED
児精,73,psychiatry,精神科,MAPPED
緩ケア内,73,palliative,緩和ケア,MAPPED
新生児内科,72,internal_general|pediatrics,内科（総合）|小児科,MAPPED
透内,72,nephrology,腎臓内科,MAPPED
糖尿病代謝内科,70,diabetes_metabolic,糖尿病・代謝内科,MAPPED
乳腺・内分泌外科,69,general_surgery,外科,MAPPED
女性泌尿器科,67,urology,泌尿器科,MAPPED
泌尿器科（人工透析）,65,urology,泌尿器科,MAPPED
美容内科,64,cosmetic_medicine,美容内科,MAPPED
内分泌代謝内科,62,diabetes_metabolic,糖尿病・代謝内科,MAPPED
神経精神科,62,psychiatry,精神科,MAPPED
糖尿病内分泌内科,61,diabetes_metabolic,糖尿病・代謝内科,MAPPED
放診,58,radiology_diagnostic,放射線診断科,MAPPED
内分泌外科,57,general_surgery,外科,MAPPED
小児アレルギー科,57,pediatric_allergy,小児アレルギー,MAPPED
小眼,57,pediatric_ophthalmology,小児眼科,MAPPED
小児泌尿器科,56,pediatric_urology,小児泌尿器科,MAPPED
透析内科,56,nephrology,腎臓内科,MAPPED
放治,55,radiology_therapy,放射線治療科,MAPPED
ペイン内,53,pain,ペインクリニック,MAPPED
小児循環器内科,53,pediatric_cardiology,小児循環器,MAPPED
消化器内科（内視鏡）,53,gastroenterology,消化器内科,MAPPED
消胃,52,gastroenterology,消化器内科,MAPPED
耳鼻いんこう科,51,ent,耳鼻咽喉科,MAPPED
総合診療科,50,general_practice,総合診療科,MAPPED
血管外,50,cardiovascular_surgery,心臓血管外科,MAPPED
膠原病内科,49,rheumatology,リウマチ・膠原病,MAPPED
老精,48,psychiatry,精神科,MAPPED
糖尿病内,47,diabetes_metabolic,糖尿病・代謝内科,MAPPED
小児神経内科,45,pediatric_neurology,小児神経,MAPPED
心臓リハビリテーション科,45,rehabilitation,リハビリテーション科,MAPPED
糖・分内,45,diabetes_metabolic,糖尿病・代謝内科,MAPPED
【主,44,,,UNRESOLVED
乳腺内科,44,internal_general,内科（総合）,MAPPED
甲状腺内科,44,internal_general,内科（総合）,MAPPED
精神神経科,44,psychiatry,精神科,MAPPED
腫内,44,oncology,腫瘍内科,MAPPED
心臓内科,43,internal_general|cardiology,内科（総合）|循環器内科,MAPPED
緩和ケア外科,43,palliative|general_surgery,緩和ケア|外科,MAPPED
気管食道外科,42,general_surgery,外科,MAPPED
リウマチ・膠原病内科,41,rheumatology,リウマチ・膠原病,MAPPED
睡眠障害精神科,40,psychiatry,精神科,MAPPED
代内,39,diabetes_metabolic,糖尿病・代謝内科,MAPPED
循環器外科,39,cardiovascular_surgery,心臓血管外科,MAPPED
腫瘍外科,39,general_surgery,外科,MAPPED
アレルギー疾患内科,38,internal_general|allergy,内科（総合）|アレルギー,MAPPED
児童・思春期精神科,38,psychiatry,精神科,MAPPED
大腸外科,38,general_surgery|gi_surgery,外科|消化器外科,MAPPED
心臓,38,,,UNRESOLVED
頭頚部外科,38,general_surgery,外科,MAPPED
内分泌・糖尿病内科,35,diabetes_metabolic,糖尿病・代謝内科,MAPPED
心臓血管内科,35,internal_general|cardiology,内科（総合）|循環器内科,MAPPED
介護,34,,,UNRESOLVED
小児整形外科,34,orthopedics,整形外科,MAPPED
産婦人科（生殖医療）,34,obgyn,産婦人科系,MAPPED
緩和ケア科,34,palliative,緩和ケア,MAPPED
血液内,34,hematology,血液内科,MAPPED
気管食道内科,33,internal_general,内科（総合）,MAPPED
消化器・肝臓内科,33,gastroenterology,消化器内科,MAPPED
神経小児科,33,pediatrics,小児科,MAPPED
肝臓・胆のう・膵臓外科,33,general_surgery,外科,MAPPED
小児耳鼻いんこう科,32,pediatric_ent,小児耳鼻咽喉科,MAPPED
ペインクリニック整形外科,31,orthopedics|pain,整形外科|ペインクリニック,MAPPED
人工透析外科,31,general_surgery,外科,MAPPED
血液・腫瘍内科,31,hematology|oncology,血液内科|腫瘍内科,MAPPED
ペイン外,30,pain,ペインクリニック,MAPPED
代謝・内分泌内科,30,diabetes_metabolic,糖尿病・代謝内科,MAPPED
女内,30,womens_medicine,女性内科,MAPPED
移植外科,30,general_surgery,外科,MAPPED
胸外,30,resp_surgery,呼吸器外科,MAPPED
②循環器内科,29,cardiology,循環器内科,MAPPED
乳腺外,29,breast_surgery,乳腺外科,MAPPED
小児精神科,28,psychiatry,精神科,MAPPED
肝臓外科,28,general_surgery|gi_surgery,外科|消化器外科,MAPPED
人工透析,27,nephrology,腎臓内科,MAPPED
内分泌内,27,diabetes_metabolic,糖尿病・代謝内科,MAPPED
睡眠障害耳鼻咽喉科,27,sleep_medicine|ent,睡眠医療|耳鼻咽喉科,MAPPED
肛門外,27,colorectal_anal_surgery,肛門・大腸外科,MAPPED
腎臓内,27,nephrology,腎臓内科,MAPPED
小児神経科,26,psychiatry,精神科,MAPPED
感内,26,infectious,感染症内科,MAPPED
総合内科,25,internal_general,内科（総合）,MAPPED
肝臓・消化器内科,25,gastroenterology,消化器内科,MAPPED
その他,24,,,UNRESOLVED
アレルギー内科,24,internal_general|allergy,内科（総合）|アレルギー,MAPPED
消化器内視鏡内科,24,gastroenterology,消化器内科,MAPPED
精神科（睡眠障害）,24,psychiatry,精神科,MAPPED
糖尿病・内分泌・代謝内科,24,diabetes_metabolic,糖尿病・代謝内科,MAPPED
胃腸内,24,gastroenterology,消化器内科,MAPPED
漢方皮膚科,23,dermatology,皮膚科,MAPPED
甲状腺外科,23,general_surgery,外科,MAPPED
腎臓外科,23,general_surgery,外科,MAPPED
②消化器内科,22,gastroenterology,消化器内科,MAPPED
こう門外科,22,general_surgery,外科,MAPPED
リウマチ内科,22,rheumatology,リウマチ・膠原病,MAPPED
糖尿病・代謝・内分泌内科,22,diabetes_metabolic,糖尿病・代謝内科,MAPPED
耳鼻咽喉科・頭頸部外科,22,head_neck_surgery|ent,頭頸部外科|耳鼻咽喉科,MAPPED
い,21,,,UNRESOLVED
一般,21,,,UNRESOLVED
糖尿病科,21,diabetes_metabolic,糖尿病・代謝内科,MAPPED
大腸肛門外科,20,colorectal_anal_surgery,肛門・大腸外科,MAPPED
糖・内泌内,20,diabetes_metabolic,糖尿病・代謝内科,MAPPED
肝臓・胆のう・膵臓内科,20,gastroenterology,消化器内科,MAPPED
内視外,19,gi_surgery,消化器外科,MAPPED
小児心療内科,19,psychosomatic,心療内科,MAPPED
漢方精神科,19,psychiatry,精神科,MAPPED
緩ケ内,19,palliative,緩和ケア,MAPPED
1,18,,,UNRESOLVED
リハビシテーション科,18,rehabilitation,リハビリテーション科,MAPPED
緩和ケア内,18,palliative,緩和ケア,MAPPED
脊椎外科,18,general_surgery,外科,MAPPED
頭頸外,18,head_neck_surgery,頭頸部外科,MAPPED
乳腺内分泌外科,17,general_surgery,外科,MAPPED
内視鏡外,17,gi_surgery,消化器外科,MAPPED
女ひ,17,,,UNRESOLVED
婦人科（不妊治療）,17,obgyn,産婦人科系,MAPPED
婦人科（生殖医療）,17,obgyn,産婦人科系,MAPPED
小児科（新生児）,17,pediatrics,小児科,MAPPED
気管食道科,17,ent,耳鼻咽喉科,MAPPED
糖尿病・脂質代謝内科,17,diabetes_metabolic,糖尿病・代謝内科,MAPPED
乳腺科,16,breast_surgery,乳腺外科,MAPPED
内科（人工透析）,16,nephrology,腎臓内科,MAPPED
救,16,emergency,救急科,MAPPED
生殖医療婦人科,16,obgyn,産婦人科系,MAPPED
睡内,16,sleep_medicine,睡眠医療,MAPPED
糖尿病・内分泌代謝内科,16,diabetes_metabolic,糖尿病・代謝内科,MAPPED
耳鼻咽喉・頭頸部外科,16,head_neck_surgery|ent,頭頸部外科|耳鼻咽喉科,MAPPED
腫瘍内,16,oncology,腫瘍内科,MAPPED
一般内科,15,internal_general,内科（総合）,MAPPED
分・糖内,15,diabetes_metabolic,糖尿病・代謝内科,MAPPED
小児内分泌内科,15,pediatrics;diabetes_metabolic,小児科;糖尿病・代謝内科,MAPPED
胃外,15,gi_surgery,消化器外科,MAPPED
胆のう外科,15,general_surgery,外科,MAPPED
脂代内,15,diabetes_metabolic,糖尿病・代謝内科,MAPPED
脳・血管内科,15,internal_general|neurology,内科（総合）|脳神経内科,MAPPED
腹部外科,15,general_surgery,外科,MAPPED
血管内科,15,internal_general,内科（総合）,MAPPED
食道外科,15,general_surgery,外科,MAPPED
心臓外科,14,general_surgery,外科,MAPPED
泌尿器科（不妊治療）,14,urology,泌尿器科,MAPPED
消化器内科（胃腸内科）,14,gastroenterology,消化器内科,MAPPED
漢方小児科,14,pediatrics,小児科,MAPPED
疼緩内,14,palliative,緩和ケア,MAPPED
老人内科,14,internal_general|geriatrics,内科（総合）|老年内科,MAPPED
老年心療内科,14,psychosomatic,心療内科,MAPPED
腫瘍精神科,14,psychiatry,精神科,MAPPED
血液腫瘍内科,14,hematology|oncology,血液内科|腫瘍内科,MAPPED
人工透析内,13,nephrology,腎臓内科,MAPPED
内分泌糖尿病内科,13,diabetes_metabolic,糖尿病・代謝内科,MAPPED
小アレ,13,pediatric_allergy,小児アレルギー,MAPPED
小児脳神経外科,13,neurosurgery,脳神経外科,MAPPED
小神内,13,neurology|pediatric_neurology,脳神経内科|小児神経,MAPPED
感染内,13,infectious,感染症内科,MAPPED
消火器内科,13,internal_general,内科（総合）,MAPPED
糖・代内,13,diabetes_metabolic,糖尿病・代謝内科,MAPPED
美内,13,cosmetic_medicine,美容内科,MAPPED
膵臓外科,13,general_surgery,外科,MAPPED
透析外科,13,general_surgery,外科,MAPPED
①消化器内科,12,gastroenterology,消化器内科,MAPPED
ペインクリニック・整形外科,12,orthopedics|pain,整形外科|ペインクリニック,MAPPED
小児内科,12,pediatrics,小児科,MAPPED
小児形成外科,12,plastic_surgery,形成外科,MAPPED
小児腎臓内科,12,pediatric_nephrology,小児腎臓,MAPPED
漢方内,12,kampo,漢方・和漢,MAPPED
男性泌尿器科,12,urology,泌尿器科,MAPPED
胸部外科,12,general_surgery,外科,MAPPED
腫瘍放射線科,12,radiology,放射線科,MAPPED
血・腫内,12,hematology|oncology,血液内科|腫瘍内科,MAPPED
血液透析内科,12,nephrology,腎臓内科,MAPPED
高齢者内科,12,internal_general|geriatrics,内科（総合）|老年内科,MAPPED
こ外,11,pediatric_surgery,小児外科,MAPPED
リウマチ膠原病内科,11,rheumatology,リウマチ・膠原病,MAPPED
乳・分外,11,breast_surgery,乳腺外科,MAPPED
乳内,11,,,UNRESOLVED
乳腺・甲状腺外科,11,general_surgery,外科,MAPPED
人工透析科,11,nephrology,腎臓内科,MAPPED
小ひ,11,pediatric_dermatology,小児皮膚科,MAPPED
心リハ,11,rehabilitation,リハビリテーション科,MAPPED
思春期精神科,11,psychiatry,精神科,MAPPED
漢方婦人科,11,obgyn,産婦人科系,MAPPED
理学診療科,11,rehabilitation,リハビリテーション科,MAPPED
糖内泌内,11,diabetes_metabolic,糖尿病・代謝内科,MAPPED
膠原病・リウマチ内科,11,rheumatology,リウマチ・膠原病,MAPPED
リウマチ・膠原病科,10,rheumatology,リウマチ・膠原病,MAPPED
内分泌・代謝・糖尿病内科,10,diabetes_metabolic,糖尿病・代謝内科,MAPPED
内視鏡科,10,gastroenterology,消化器内科,MAPPED
呼吸器・アレルギー内科,10,respiratory|allergy,呼吸器内科|アレルギー,MAPPED
小児リハビリテーション科,10,rehabilitation,リハビリテーション科,MAPPED
性感内,10,infectious|sexual_medicine,感染症内科|性感染症・性病科,MAPPED
感染症内,10,infectious,感染症内科,MAPPED
気食外,10,ent,耳鼻咽喉科,MAPPED
消化器内,10,gastroenterology,消化器内科,MAPPED
睡耳い,10,sleep_medicine|ent,睡眠医療|耳鼻咽喉科,MAPPED
神精,10,psychiatry,精神科,MAPPED
糖代内,10,diabetes_metabolic,糖尿病・代謝内科,MAPPED
糖尿病内科（代謝内科）,10,diabetes_metabolic,糖尿病・代謝内科,MAPPED
美容皮ふ科,10,cosmetic_dermatology,美容皮膚科,MAPPED
美容皮膚科（自費）,10,cosmetic_dermatology,美容皮膚科,MAPPED
老年内,10,geriatrics,老年内科,MAPPED
こう門科,9,colorectal_anal_surgery,肛門・大腸外科,MAPPED
ペインクリニック,9,pain,ペインクリニック,MAPPED
ペインクリニック内,9,pain,ペインクリニック,MAPPED
不妊治療婦人科,9,obgyn,産婦人科系,MAPPED
内分泌科,9,diabetes_metabolic,糖尿病・代謝内科,MAPPED
内泌・代内,9,diabetes_metabolic,糖尿病・代謝内科,MAPPED
小児耳鼻科,9,pediatric_ent,小児耳鼻咽喉科,MAPPED
小循内,9,cardiology|pediatric_cardiology,循環器内科|小児循環器,MAPPED
循環器内,9,cardiology,循環器内科,MAPPED
循環器小児科,9,pediatrics,小児科,MAPPED
新生内,9,pediatrics,小児科,MAPPED
気食内,9,ent,耳鼻咽喉科,MAPPED
疼内,9,pain,ペインクリニック,MAPPED
疼痛緩和外科,9,general_surgery|pain,外科|ペインクリニック,MAPPED
病診,9,pathology,病理診断科,MAPPED
睡眠障害心療内科,9,psychosomatic,心療内科,MAPPED
美容皮,9,cosmetic_dermatology,美容皮膚科,MAPPED
老心内,9,geriatrics;psychosomatic,老年内科;心療内科,MAPPED
肝臓内,9,gastroenterology,消化器内科,MAPPED
脊椎・脊髄外科,9,general_surgery,外科,MAPPED
脳神内,9,neurology,脳神経内科,MAPPED
腎臓内科（透析）,9,nephrology,腎臓内科,MAPPED
腎臓移植外科,9,general_surgery,外科,MAPPED
内分泌代謝科,8,diabetes_metabolic,糖尿病・代謝内科,MAPPED
分・代内,8,diabetes_metabolic,糖尿病・代謝内科,MAPPED
呼吸器腫瘍内科,8,respiratory|oncology,呼吸器内科|腫瘍内科,MAPPED
大腸外,8,gi_surgery,消化器外科,MAPPED
小整外,8,orthopedics,整形外科,MAPPED
形成・美容外科,8,cosmetic_surgery,美容外科,MAPPED
心臓内,8,cardiology,循環器内科,MAPPED
手外科,8,general_surgery,外科,MAPPED
放射線診断,8,radiology_diagnostic,放射線診断科,MAPPED
消化器・内視鏡内科,8,gastroenterology,消化器内科,MAPPED
消化器内科・消化器外科,8,gastroenterology;gi_surgery,消化器内科;消化器外科,MAPPED
消化器外科（内視鏡）,8,gi_surgery,消化器外科,MAPPED
理学療法科,8,rehabilitation,リハビリテーション科,MAPPED
皮膚外科,8,general_surgery,外科,MAPPED
睡精,8,sleep_medicine;psychiatry,睡眠医療;精神科,MAPPED
糖尿病・代謝内,8,diabetes_metabolic,糖尿病・代謝内科,MAPPED
緩和ケア,8,palliative,緩和ケア,MAPPED
胃外科,8,general_surgery|gi_surgery,外科|消化器外科,MAPPED
胃腸科内科,8,gastroenterology,消化器内科,MAPPED
脂内,8,diabetes_metabolic,糖尿病・代謝内科,MAPPED
脳神経小児科,8,pediatrics,小児科,MAPPED
腎内（人透）,8,nephrology,腎臓内科,MAPPED
腎臓,8,nephrology,腎臓内科,MAPPED
腎臓泌尿器科,8,urology,泌尿器科,MAPPED
膵臓内科,8,internal_general|gastroenterology,内科（総合）|消化器内科,MAPPED
頭外,8,neurosurgery|head_neck_surgery,脳神経外科|頭頸部外科,MAPPED
頭頸部・耳鼻咽喉科,8,ent,耳鼻咽喉科,MAPPED
6,7,,,UNRESOLVED
リウマチ膠原病科,7,rheumatology,リウマチ・膠原病,MAPPED
代謝内,7,diabetes_metabolic,糖尿病・代謝内科,MAPPED
児童思春期精神科,7,psychiatry,精神科,MAPPED
化学療法内科,7,internal_general|oncology,内科（総合）|腫瘍内科,MAPPED
外科（がん）,7,general_surgery,外科,MAPPED
外科（内視鏡）,7,general_surgery,外科,MAPPED
女性漢方内科,7,kampo,漢方・和漢,MAPPED
小児心臓血管外科,7,cardiovascular_surgery,心臓血管外科,MAPPED
性感染症婦人科,7,obgyn,産婦人科系,MAPPED
気・耳い,7,ent,耳鼻咽喉科,MAPPED
気管食道・耳鼻咽喉科,7,ent,耳鼻咽喉科,MAPPED
消内（内視）,7,gastroenterology,消化器内科,MAPPED
消化器肝臓内科,7,gastroenterology,消化器内科,MAPPED
睡眠障害内,7,sleep_medicine,睡眠医療,MAPPED
糖尿病,7,diabetes_metabolic,糖尿病・代謝内科,MAPPED
胃腸外,7,gi_surgery,消化器外科,MAPPED
脳・血管外科,7,cardiovascular_surgery,心臓血管外科,MAPPED
膠原病リウマチ内科,7,rheumatology,リウマチ・膠原病,MAPPED
膠原病・リウマチ科,7,rheumatology,リウマチ・膠原病,MAPPED
①循環器内科,6,cardiology,循環器内科,MAPPED
がん内科,6,internal_general|oncology,内科（総合）|腫瘍内科,MAPPED
アレ疾内,6,allergy,アレルギー,MAPPED
ペインクリニック科,6,pain,ペインクリニック,MAPPED
代謝内分泌内科,6,diabetes_metabolic,糖尿病・代謝内科,MAPPED
内泌代内,6,diabetes_metabolic,糖尿病・代謝内科,MAPPED
内科（ペインクリニック）,6,internal_general|pain,内科（総合）|ペインクリニック,MAPPED
内科（循環器）,6,cardiology,循環器内科,MAPPED
呼吸器,6,respiratory,呼吸器内科,MAPPED
婦（妊）,6,obgyn,産婦人科系,MAPPED
小心内,6,pediatric_cardiology,小児循環器,MAPPED
思春期内科,6,,,UNRESOLVED
消内（内視鏡）,6,gastroenterology,消化器内科,MAPPED
漢方耳鼻咽喉科,6,ent,耳鼻咽喉科,MAPPED
産婦人科（不妊治療）,6,obgyn,産婦人科系,MAPPED
精神腫瘍科,6,psychiatry;oncology,精神科;腫瘍内科,MAPPED
糖尿・内分泌内科,6,diabetes_metabolic,糖尿病・代謝内科,MAPPED
肝・胆・膵外科,6,general_surgery,外科,MAPPED
脳卒中内科,6,internal_general|neurology,内科（総合）|脳神経内科,MAPPED
脳神経内,6,neurology,脳神経内科,MAPPED
脳血管内科,6,internal_general|neurology,内科（総合）|脳神経内科,MAPPED
腎外,6,,,UNRESOLVED
腎臓・泌尿器科,6,urology,泌尿器科,MAPPED
鏡内,6,gastroenterology,消化器内科,MAPPED
（新）小,6,,,UNRESOLVED
50,5,,,UNRESOLVED
60,5,,,UNRESOLVED
ひ（人工透析）,5,nephrology,腎臓内科,MAPPED
アレルギー疾患皮膚科,5,dermatology,皮膚科,MAPPED
ペインクリニック外,5,pain,ペインクリニック,MAPPED
内分泌・代謝内,5,diabetes_metabolic,糖尿病・代謝内科,MAPPED
呼吸器アレルギー科,5,respiratory|allergy,呼吸器内科|アレルギー,MAPPED
呼吸器・感染症内科,5,respiratory|infectious,呼吸器内科|感染症内科,MAPPED
大腸肛外,5,colorectal_anal_surgery,肛門・大腸外科,MAPPED
小児循環器科,5,pediatric_cardiology,小児循環器,MAPPED
循内】,5,cardiology,循環器内科,MAPPED
思精,5,psychiatry,精神科,MAPPED
性感染症外科,5,general_surgery,外科,MAPPED
性感染症泌尿器科,5,urology,泌尿器科,MAPPED
感染症科,5,infectious,感染症内科,MAPPED
放射線治療,5,radiology_therapy,放射線治療科,MAPPED
放診断,5,radiology_diagnostic,放射線診断科,MAPPED
整形リハビリテーション科,5,rehabilitation,リハビリテーション科,MAPPED
新内,5,,,UNRESOLVED
消内】,5,gastroenterology,消化器内科,MAPPED
消化器内視鏡外科,5,gi_surgery,消化器外科,MAPPED
産婦（生殖医療）,5,obgyn,産婦人科系,MAPPED
男性内科,5,internal_general,内科（総合）,MAPPED
睡眠障害呼吸器内科,5,respiratory,呼吸器内科,MAPPED
睡眠障害小児科,5,pediatrics,小児科,MAPPED
神経精神,5,psychiatry,精神科,MAPPED
移外,5,general_surgery,外科,MAPPED
糖尿内,5,diabetes_metabolic,糖尿病・代謝内科,MAPPED
糖尿内科,5,diabetes_metabolic,糖尿病・代謝内科,MAPPED
糖尿病内分泌代謝内科,5,diabetes_metabolic,糖尿病・代謝内科,MAPPED
糖尿病内分泌内,5,diabetes_metabolic,糖尿病・代謝内科,MAPPED
緩和医療科,5,palliative,緩和ケア,MAPPED
緩外,5,palliative;general_surgery,緩和ケア;外科,MAPPED
耳鼻いんこう科・頭頸部外科,5,head_neck_surgery|ent,頭頸部外科|耳鼻咽喉科,MAPPED
胸部・心臓血管外科,5,cardiovascular_surgery,心臓血管外科,MAPPED
腎臓・リウマチ科,5,nephrology|rheumatology,腎臓内科|リウマチ・膠原病,MAPPED
腫外,5,oncology;general_surgery,腫瘍内科;外科,MAPPED
腫瘍・血液内科,5,hematology|oncology,血液内科|腫瘍内科,MAPPED
腫瘍外,5,oncology;general_surgery,腫瘍内科;外科,MAPPED
透外,5,nephrology;general_surgery,腎臓内科;外科,MAPPED
頭頸部外,5,head_neck_surgery,頭頸部外科,MAPPED
食道・胃腸外科,5,gi_surgery,消化器外科,MAPPED
①胃腸内科,4,gastroenterology,消化器内科,MAPPED
こう門内科,4,internal_general,内科（総合）,MAPPED
アレルギー・リウマチ内科,4,rheumatology,リウマチ・膠原病,MAPPED
アレルギー疾患リウマチ科,4,rheumatology,リウマチ・膠原病,MAPPED
一般外科,4,general_surgery,外科,MAPPED
乳腺,4,breast_surgery,乳腺外科,MAPPED
乳腺内分泌外,4,breast_surgery;general_surgery,乳腺外科;外科,MAPPED
乳腺甲状腺外科,4,general_surgery,外科,MAPPED
代・内泌内,4,diabetes_metabolic,糖尿病・代謝内科,MAPPED
内分泌代謝・糖尿病内科,4,diabetes_metabolic,糖尿病・代謝内科,MAPPED
内泌外,4,general_surgery,外科,MAPPED
内泌糖内,4,diabetes_metabolic,糖尿病・代謝内科,MAPPED
内科（消化器）,4,gastroenterology,消化器内科,MAPPED
化内,4,,,UNRESOLVED
呼吸器アレルギー内科,4,respiratory|allergy,呼吸器内科|アレルギー,MAPPED
呼吸器・乳腺外科,4,breast_surgery,乳腺外科,MAPPED
外科（人工透析）,4,general_surgery,外科,MAPPED
大腸・肛外,4,colorectal_anal_surgery,肛門・大腸外科,MAPPED
大腸・肛門内科,4,internal_general,内科（総合）,MAPPED
大腸・肛門科,4,colorectal_anal_surgery,肛門・大腸外科,MAPPED
女性心療内科,4,psychosomatic,心療内科,MAPPED
婦（生）,4,obgyn,産婦人科系,MAPPED
小児内分泌科,4,pediatrics;diabetes_metabolic,小児科;糖尿病・代謝内科,MAPPED
小児糖尿病内科,4,pediatrics;diabetes_metabolic,小児科;糖尿病・代謝内科,MAPPED
小整形,4,pediatrics;orthopedics,小児科;整形外科,MAPPED
循環器,4,cardiology,循環器内科,MAPPED
心臓外,4,cardiovascular_surgery,心臓血管外科,MAPPED
思春期心療内科,4,psychosomatic,心療内科,MAPPED
感染症,4,infectious,感染症内科,MAPPED
放射線腫瘍科,4,radiology_therapy;oncology,放射線治療科;腫瘍内科,MAPPED
放治療,4,radiology_therapy,放射線治療科,MAPPED
気管食道・耳鼻いんこう科,4,ent,耳鼻咽喉科,MAPPED
気管食道耳鼻咽喉科,4,ent,耳鼻咽喉科,MAPPED
泌尿器内科,4,internal_general,内科（総合）,MAPPED
泌尿器科（男性不妊治療）,4,urology,泌尿器科,MAPPED
消化器外科・消化器内科,4,gi_surgery;gastroenterology,消化器外科;消化器内科,MAPPED
漢方アレルギー科,4,allergy,アレルギー,MAPPED
産科・婦人科,4,obgyn,産婦人科系,MAPPED
男性不妊治療外科,4,general_surgery,外科,MAPPED
疼痛緩和内,4,palliative|pain,緩和ケア|ペインクリニック,MAPPED
神経眼科,4,ophthalmology;neurology,眼科;脳神経内科,MAPPED
神経科精神科,4,psychiatry,精神科,MAPPED
糖・代・内泌内,4,diabetes_metabolic,糖尿病・代謝内科,MAPPED
糖尿病・血液内科,4,diabetes_metabolic|hematology,糖尿病・代謝内科|血液内科,MAPPED
糖尿病代謝・内分泌内科,4,diabetes_metabolic,糖尿病・代謝内科,MAPPED
糖尿病代謝内,4,diabetes_metabolic,糖尿病・代謝内科,MAPPED
糖尿病内分泌科,4,diabetes_metabolic,糖尿病・代謝内科,MAPPED
総診,4,general_practice,総合診療科,MAPPED
耳鼻いんこう科→耳鼻咽喉科,4,ent,耳鼻咽喉科,MAPPED
肛門内,4,internal_general,内科（総合）,MAPPED
肝外,4,gi_surgery,消化器外科,MAPPED
肝胆膵外科,4,general_surgery|gi_surgery,外科|消化器外科,MAPPED
胃・食道外科,4,general_surgery,外科,MAPPED
胃腸内科（内視鏡）,4,gastroenterology,消化器内科,MAPPED
胃腸内視鏡内科,4,gastroenterology,消化器内科,MAPPED
脊椎脊髄外科,4,general_surgery,外科,MAPPED
腎泌尿器外科,4,urology,泌尿器科,MAPPED
腎臓・人工透析内科,4,nephrology,腎臓内科,MAPPED
腎臓・内分泌内科,4,nephrology|diabetes_metabolic,腎臓内科|糖尿病・代謝内科,MAPPED
腎臓・透析内科,4,nephrology,腎臓内科,MAPPED
腫瘍皮膚科,4,dermatology,皮膚科,MAPPED
関節外科,4,general_surgery,外科,MAPPED
（消化器,4,,,UNRESOLVED
３１０４０１,4,,,UNRESOLVED
8,3,,,UNRESOLVED
①ペインクリニック内科,3,internal_general|pain,内科（総合）|ペインクリニック,MAPPED
②人工透析内科,3,nephrology,腎臓内科,MAPPED
②消内,3,gastroenterology,消化器内科,MAPPED
②糖尿病内科,3,diabetes_metabolic,糖尿病・代謝内科,MAPPED
③循環器内科,3,cardiology,循環器内科,MAPPED
③消化器内科,3,gastroenterology,消化器内科,MAPPED
こう内,3,,,UNRESOLVED
こ内,3,,,UNRESOLVED
ひ（不妊治療）,3,,,UNRESOLVED
ペインクリック内科,3,internal_general,内科（総合）,MAPPED
ペイン内科,3,internal_general|pain,内科（総合）|ペインクリニック,MAPPED
ペ外,3,pain;general_surgery,ペインクリニック;外科,MAPPED
リハビリ科,3,rehabilitation,リハビリテーション科,MAPPED
不妊治療産婦人科,3,obgyn,産婦人科系,MAPPED
乳・内泌外,3,breast_surgery;general_surgery,乳腺外科;外科,MAPPED
代謝内分泌科,3,diabetes_metabolic,糖尿病・代謝内科,MAPPED
児童精神,3,psychiatry,精神科,MAPPED
児精】,3,psychiatry,精神科,MAPPED
内分内,3,diabetes_metabolic,糖尿病・代謝内科,MAPPED
内分泌,3,diabetes_metabolic,糖尿病・代謝内科,MAPPED
内分泌・代謝科,3,diabetes_metabolic,糖尿病・代謝内科,MAPPED
内分泌・糖尿病・代謝内科,3,diabetes_metabolic,糖尿病・代謝内科,MAPPED
内泌・糖内,3,diabetes_metabolic,糖尿病・代謝内科,MAPPED
内科（循環器・糖尿病）,3,diabetes_metabolic,糖尿病・代謝内科,MAPPED
内科（消化器,3,,,UNRESOLVED
内科（睡眠障害）,3,internal_general,内科（総合）,MAPPED
内科（透析）,3,nephrology,腎臓内科,MAPPED
分外,3,general_surgery,外科,MAPPED
呼吸器リハビリテーション科,3,respiratory|rehabilitation,呼吸器内科|リハビリテーション科,MAPPED
大こう外,3,colorectal_anal_surgery,肛門・大腸外科,MAPPED
大腸内,3,gastroenterology,消化器内科,MAPPED
大腸肛門科,3,colorectal_anal_surgery,肛門・大腸外科,MAPPED
女性乳腺外科,3,breast_surgery,乳腺外科,MAPPED
女性内,3,womens_medicine,女性内科,MAPPED
女性精神科,3,psychiatry,精神科,MAPPED
女性診療科,3,,,UNRESOLVED
婦人科（不妊治療・生殖医療）,3,obgyn,産婦人科系,MAPPED
小リウ,3,pediatrics;rheumatology,小児科;リウマチ・膠原病,MAPPED
小児心療科,3,pediatrics;psychosomatic,小児科;心療内科,MAPPED
小児心臓外科,3,general_surgery,外科,MAPPED
小児救急科,3,emergency,救急科,MAPPED
小児皮ふ科,3,pediatric_dermatology,小児皮膚科,MAPPED
小児耳い,3,pediatric_ent|ent,小児耳鼻咽喉科|耳鼻咽喉科,MAPPED
小児脳神経内科,3,pediatric_neurology,小児神経,MAPPED
小児血液・腫瘍内科,3,pediatrics;hematology;oncology,小児科;血液内科;腫瘍内科,MAPPED
小精,3,pediatrics;psychiatry,小児科;精神科,MAPPED
心臓・循環器内科,3,cardiology,循環器内科,MAPPED
心臓・血管内科,3,internal_general|cardiology,内科（総合）|循環器内科,MAPPED
心臓血管内,3,cardiology,循環器内科,MAPPED
新生児小児科,3,pediatrics,小児科,MAPPED
新生児科,3,pediatrics,小児科,MAPPED
泌尿器科（生殖医療）,3,urology,泌尿器科,MAPPED
消内外,3,gastroenterology;gi_surgery,消化器内科;消化器外科,MAPPED
消化器,3,gastroenterology,消化器内科,MAPPED
消化器外,3,gi_surgery,消化器外科,MAPPED
消化管外科,3,general_surgery,外科,MAPPED
漢方泌尿器科,3,urology,泌尿器科,MAPPED
特定,3,,,UNRESOLVED
理診療,3,,,UNRESOLVED
生殖医療内科,3,internal_general,内科（総合）,MAPPED
生殖医療外科,3,general_surgery,外科,MAPPED
産科婦人科,3,obgyn,産婦人科系,MAPPED
甲内,3,diabetes_metabolic,糖尿病・代謝内科,MAPPED
甲状内,3,diabetes_metabolic,糖尿病・代謝内科,MAPPED
甲状腺・内分泌内科,3,diabetes_metabolic,糖尿病・代謝内科,MAPPED
病理診断,3,pathology,病理診断科,MAPPED
睡眠障害循環器内科,3,cardiology,循環器内科,MAPPED
睡眠障害科,3,sleep_medicine,睡眠医療,MAPPED
精神科・児童精神科,3,psychiatry,精神科,MAPPED
精神経,3,psychiatry,精神科,MAPPED
糖,3,diabetes_metabolic,糖尿病・代謝内科,MAPPED
糖尿代謝内科,3,diabetes_metabolic,糖尿病・代謝内科,MAPPED
糖尿病・内分泌内,3,diabetes_metabolic,糖尿病・代謝内科,MAPPED
糖尿病代謝科,3,diabetes_metabolic,糖尿病・代謝内科,MAPPED
糖尿病脂質代謝内科,3,diabetes_metabolic,糖尿病・代謝内科,MAPPED
総合診療内科,3,internal_general,内科（総合）,MAPPED
緩和ケア・腫瘍内科,3,oncology|palliative,腫瘍内科|緩和ケア,MAPPED
緩和ケア）内科,3,palliative,緩和ケア,MAPPED
緩和医療内科,3,palliative,緩和ケア,MAPPED
美容外科（自費）,3,cosmetic_surgery,美容外科,MAPPED
美容形成外科,3,plastic_surgery,形成外科,MAPPED
耳鼻咽喉科・頭頚部外科,3,general_surgery|ent,外科|耳鼻咽喉科,MAPPED
耳鼻咽喉科頭頸部外科,3,head_neck_surgery|ent,頭頸部外科|耳鼻咽喉科,MAPPED
肝・胆・膵内,3,gastroenterology,消化器内科,MAPPED
肝・胆・膵外,3,gi_surgery,消化器外科,MAPPED
肝臓・胆嚢・膵臓内科,3,gastroenterology,消化器内科,MAPPED
胃腸・消化器内科,3,gastroenterology,消化器内科,MAPPED
脂質代謝内,3,diabetes_metabolic,糖尿病・代謝内科,MAPPED
脊外,3,,,UNRESOLVED
脳外科,3,general_surgery,外科,MAPPED
腎・泌尿器科,3,urology,泌尿器科,MAPPED
腎内泌代内,3,nephrology|diabetes_metabolic,腎臓内科|糖尿病・代謝内科,MAPPED
腎内（人工透析）,3,nephrology,腎臓内科,MAPPED
腎臓・高血圧内科,3,nephrology,腎臓内科,MAPPED
腎臓内科・人工透析内科,3,nephrology,腎臓内科,MAPPED
腎臓高血圧内科,3,nephrology,腎臓内科,MAPPED
腫瘍,3,oncology,腫瘍内科,MAPPED
腫瘍内科（疼痛緩和）,3,oncology|pain,腫瘍内科|ペインクリニック,MAPPED
腫瘍血液内科,3,hematology,血液内科,MAPPED
腫精,3,oncology;psychiatry,腫瘍内科;精神科,MAPPED
膠原病リウマチ科,3,rheumatology,リウマチ・膠原病,MAPPED
臓器移植外科,3,general_surgery,外科,MAPPED
臨検,3,lab_medicine,臨床検査科,MAPPED
薬内,3,internal_general,内科（総合）,MAPPED
血・化内,3,hematology,血液内科,MAPPED
血液,3,hematology,血液内科,MAPPED
血液・腎臓内科,3,nephrology,腎臓内科,MAPPED
血液・腫内,3,oncology,腫瘍内科,MAPPED
血管内,3,,,UNRESOLVED
集中治療科,3,,,UNRESOLVED
頸部外科,3,general_surgery,外科,MAPPED
食道・胃腸内科,3,gastroenterology,消化器内科,MAPPED
食道外,3,gi_surgery,消化器外科,MAPPED
高血圧内科,3,internal_general,内科（総合）,MAPPED
麻酔科（ペインクリニック）,3,anesthesiology|pain,麻酔科|ペインクリニック,MAPPED
13,2,,,UNRESOLVED
17,2,,,UNRESOLVED
18,2,,,UNRESOLVED
30,2,,,UNRESOLVED
32,2,,,UNRESOLVED
4,2,,,UNRESOLVED
54,2,,,UNRESOLVED
9,2,,,UNRESOLVED
①泌尿器科（人工透析）,2,urology,泌尿器科,MAPPED
①消化器内科②肛門外科,2,colorectal_anal_surgery,肛門・大腸外科,MAPPED
①漢方内科,2,internal_general|kampo,内科（総合）|漢方・和漢,MAPPED
①胃腸内,2,gastroenterology,消化器内科,MAPPED
②循環器内科③糖尿病内科,2,cardiology|diabetes_metabolic,循環器内科|糖尿病・代謝内科,MAPPED
②消化器内科③循環器内科,2,cardiology|gastroenterology,循環器内科|消化器内科,MAPPED
②糖尿病・内分泌内科,2,diabetes_metabolic,糖尿病・代謝内科,MAPPED
②老年精神科,2,psychiatry,精神科,MAPPED
②胃腸内科,2,gastroenterology,消化器内科,MAPPED
③児童精神科,2,psychiatry,精神科,MAPPED
がん化学療法内科,2,internal_general|oncology,内科（総合）|腫瘍内科,MAPPED
がん精神科,2,psychiatry,精神科,MAPPED
ひ（人透）,2,,,UNRESOLVED
ぺ内,2,pain,ペインクリニック,MAPPED
アレルギー・呼吸器内科,2,respiratory,呼吸器内科,MAPPED
アレルギー疾患内,2,allergy,アレルギー,MAPPED
アレルギー疾患）,2,,,UNRESOLVED
アレ内,2,allergy;internal_general,アレルギー;内科（総合）,MAPPED
ペイン内】,2,pain,ペインクリニック,MAPPED
ペイン整,2,pain;orthopedics,ペインクリニック;整形外科,MAPPED
リウマチ・アレルギー内科,2,allergy,アレルギー,MAPPED
リウマチ・アレルギー科,2,allergy,アレルギー,MAPPED
リウマチ性膠原病内科,2,rheumatology,リウマチ・膠原病,MAPPED
リハビリテーション内科,2,internal_general|rehabilitation,内科（総合）|リハビリテーション科,MAPPED
不妊外,2,,,UNRESOLVED
不妊治療,2,,,UNRESOLVED
不妊治療・女性内科,2,womens_medicine,女性内科,MAPPED
不妊治療内科,2,internal_general,内科（総合）,MAPPED
不妊治療泌尿器科,2,urology,泌尿器科,MAPPED
不妊治療）,2,,,UNRESOLVED
乳外】,2,,,UNRESOLVED
乳線外科,2,general_surgery,外科,MAPPED
乳腺・内分泌内科,2,diabetes_metabolic,糖尿病・代謝内科,MAPPED
乳腺腫瘍外科,2,general_surgery,外科,MAPPED
人内,2,,,UNRESOLVED
人工透析血管外科,2,cardiovascular_surgery,心臓血管外科,MAPPED
代謝・内分泌内,2,diabetes_metabolic,糖尿病・代謝内科,MAPPED
代謝・内泌内,2,diabetes_metabolic,糖尿病・代謝内科,MAPPED
免疫内科,2,internal_general,内科（総合）,MAPPED
児童心療内科,2,psychosomatic,心療内科,MAPPED
内分泌・代謝内科（糖尿病）,2,diabetes_metabolic,糖尿病・代謝内科,MAPPED
内分泌内科（甲状腺）,2,diabetes_metabolic,糖尿病・代謝内科,MAPPED
内分泌小児科,2,pediatrics,小児科,MAPPED
内分泌糖尿病内,2,diabetes_metabolic,糖尿病・代謝内科,MAPPED
内科・循環器内科,2,cardiology,循環器内科,MAPPED
内科（循環器,2,cardiology,循環器内科,MAPPED
内科（糖尿病,2,diabetes_metabolic,糖尿病・代謝内科,MAPPED
内科（緩和ケア）,2,palliative,緩和ケア,MAPPED
内科（訪問診療）,2,internal_general,内科（総合）,MAPPED
内視,2,gastroenterology,消化器内科,MAPPED
内視内】,2,gastroenterology,消化器内科,MAPPED
内視鏡,2,gastroenterology,消化器内科,MAPPED
内視鏡外科（大腸・胃）,2,gi_surgery,消化器外科,MAPPED
内視鏡）,2,gastroenterology,消化器内科,MAPPED
内（ペイン）,2,pain;internal_general,ペインクリニック;内科（総合）,MAPPED
内（人工透析）,2,nephrology,腎臓内科,MAPPED
化学療法外科,2,general_surgery,外科,MAPPED
口腔外科,2,general_surgery,外科,MAPPED
口腔腫瘍外科,2,general_surgery,外科,MAPPED
呼・アレ,2,respiratory;allergy,呼吸器内科;アレルギー,MAPPED
呼・ア内,2,respiratory;allergy,呼吸器内科;アレルギー,MAPPED
呼吸器・腫瘍内科,2,respiratory|oncology,呼吸器内科|腫瘍内科,MAPPED
呼吸器内,2,respiratory,呼吸器内科,MAPPED
呼吸器外,2,respiratory|resp_surgery,呼吸器内科|呼吸器外科,MAPPED
在宅診療科,2,,,UNRESOLVED
外科・消化器外科,2,gi_surgery,消化器外科,MAPPED
外科（乳腺外科）,2,breast_surgery,乳腺外科,MAPPED
外科（化学療法）,2,general_surgery,外科,MAPPED
大・こう外,2,colorectal_anal_surgery,肛門・大腸外科,MAPPED
大外,2,,,UNRESOLVED
大腸・肛門,2,colorectal_anal_surgery,肛門・大腸外科,MAPPED
大腸内視鏡内科,2,gastroenterology,消化器内科,MAPPED
大腸肛門内科,2,internal_general,内科（総合）,MAPPED
大腸肛門外,2,colorectal_anal_surgery,肛門・大腸外科,MAPPED
女外,2,,,UNRESOLVED
婦人科（生殖医療・不妊治療）,2,obgyn,産婦人科系,MAPPED
婦人腫瘍科,2,obgyn;oncology,産婦人科系;腫瘍内科,MAPPED
小ア,2,pediatric_allergy,小児アレルギー,MAPPED
小児アレ,2,pediatric_allergy,小児アレルギー,MAPPED
小児・新生児科,2,pediatrics,小児科,MAPPED
小児内分泌・代謝内科,2,pediatrics;diabetes_metabolic,小児科;糖尿病・代謝内科,MAPPED
小児感染症内科,2,pediatrics;infectious,小児科;感染症内科,MAPPED
小児漢方内科,2,kampo,漢方・和漢,MAPPED
小児皮,2,pediatric_dermatology,小児皮膚科,MAPPED
小児神経内,2,pediatric_neurology,小児神経,MAPPED
小児科（腎臓）,2,pediatrics,小児科,MAPPED
小児耳鼻咽頭科,2,pediatric_ent,小児耳鼻咽喉科,MAPPED
小児血液内科,2,pediatrics;hematology,小児科;血液内科,MAPPED
小内,2,pediatrics,小児科,MAPPED
小心外,2,pediatric_surgery;cardiovascular_surgery,小児外科;心臓血管外科,MAPPED
小救急,2,emergency,救急科,MAPPED
小神,2,pediatric_neurology,小児神経,MAPPED
小脳外,2,pediatrics;neurosurgery,小児科;脳神経外科,MAPPED
形成外科・美容外科,2,plastic_surgery|cosmetic_surgery,形成外科|美容外科,MAPPED
循環器救急科,2,emergency,救急科,MAPPED
循環器科内科,2,cardiology,循環器内科,MAPPED
心小,2,,,UNRESOLVED
心療,2,,,UNRESOLVED
心精,2,,,UNRESOLVED
心臓リハ,2,,,UNRESOLVED
心臓・血管外科,2,cardiovascular_surgery,心臓血管外科,MAPPED
心臓小児科,2,pediatrics,小児科,MAPPED
心血内,2,hematology,血液内科,MAPPED
思春期小児科,2,pediatrics,小児科,MAPPED
感染症・呼吸器内科,2,respiratory,呼吸器内科,MAPPED
感染症泌尿器科,2,urology,泌尿器科,MAPPED
放射線診断料,2,radiology_diagnostic,放射線診断科,MAPPED
放射線診断科・放射線治療科,2,radiology_diagnostic|radiology_therapy,放射線診断科|放射線治療科,MAPPED
救命救急科,2,emergency,救急科,MAPPED
救急診療科,2,emergency,救急科,MAPPED
整形外科・リウマチ科,2,rheumatology|orthopedics,リウマチ・膠原病|整形外科,MAPPED
新生児,2,,,UNRESOLVED
新生児内,2,,,UNRESOLVED
気食・耳い,2,ent,耳鼻咽喉科,MAPPED
泌尿器科（男性不妊）,2,urology,泌尿器科,MAPPED
泌尿器科（血液透析）,2,urology,泌尿器科,MAPPED
消・肝内,2,gastroenterology,消化器内科,MAPPED
消内視内,2,gastroenterology,消化器内科,MAPPED
消内（胃内）,2,gastroenterology,消化器内科,MAPPED
消化器・乳腺外科,2,breast_surgery,乳腺外科,MAPPED
消化器・代謝内科,2,diabetes_metabolic,糖尿病・代謝内科,MAPPED
消化器・糖尿病内科,2,diabetes_metabolic,糖尿病・代謝内科,MAPPED
消化器・肛門外科,2,colorectal_anal_surgery,肛門・大腸外科,MAPPED
消化器内科・肝臓内科,2,gastroenterology,消化器内科,MAPPED
消化器内科外科,2,general_surgery,外科,MAPPED
消化器内科（内視鏡・肝臓）,2,gastroenterology,消化器内科,MAPPED
消化器科（胃腸科）,2,gastroenterology,消化器内科,MAPPED
消化器腫瘍内科,2,oncology,腫瘍内科,MAPPED
漢小,2,,,UNRESOLVED
漢方リウマチ科,2,rheumatology,リウマチ・膠原病,MAPPED
漢方外科,2,general_surgery,外科,MAPPED
漢方心療内科,2,psychosomatic,心療内科,MAPPED
漢方産婦人科,2,obgyn,産婦人科系,MAPPED
漢方眼科,2,ophthalmology,眼科,MAPPED
漢皮,2,,,UNRESOLVED
漢精,2,,,UNRESOLVED
炎症性腸疾患内科,2,internal_general,内科（総合）,MAPPED
物忘れ外来,2,,,UNRESOLVED
生殖婦,2,,,UNRESOLVED
産婦人科（不妊治療・生殖医療）,2,obgyn,産婦人科系,MAPPED
産婦人科（内視鏡）,2,obgyn,産婦人科系,MAPPED
産婦人科（産科,2,obgyn,産婦人科系,MAPPED
産婦（不妊治療）,2,,,UNRESOLVED
疼外,2,,,UNRESOLVED
疼痛緩和内科（漢方）,2,palliative|pain,緩和ケア|ペインクリニック,MAPPED
発達小児,2,,,UNRESOLVED
発達小児科,2,pediatrics,小児科,MAPPED
皮アレ,2,,,UNRESOLVED
皮フ科,2,,,UNRESOLVED
皮外,2,,,UNRESOLVED
皮膚泌尿器科,2,urology,泌尿器科,MAPPED
皮膚科・皮膚腫瘍科,2,dermatology,皮膚科,MAPPED
眼形成外科,2,plastic_surgery,形成外科,MAPPED
睡呼内,2,respiratory,呼吸器内科,MAPPED
睡眠障害外科,2,general_surgery,外科,MAPPED
睡眠障害耳鼻いんこう科,2,sleep_medicine|ent,睡眠医療|耳鼻咽喉科,MAPPED
神小,2,,,UNRESOLVED
神経・精神科,2,psychiatry,精神科,MAPPED
神経放射線科,2,radiology,放射線科,MAPPED
神経泌尿器科,2,urology,泌尿器科,MAPPED
精神（神経）科,2,,,UNRESOLVED
糖・代謝内,2,diabetes_metabolic,糖尿病・代謝内科,MAPPED
糖・内分泌内,2,diabetes_metabolic,糖尿病・代謝内科,MAPPED
糖・内泌・代内,2,diabetes_metabolic,糖尿病・代謝内科,MAPPED
糖内泌代内,2,diabetes_metabolic,糖尿病・代謝内科,MAPPED
糖尿病・内分泌科,2,diabetes_metabolic,糖尿病・代謝内科,MAPPED
糖尿病内科・内分泌内科,2,diabetes_metabolic,糖尿病・代謝内科,MAPPED
緩ケア,2,,,UNRESOLVED
緩ケア外,2,,,UNRESOLVED
美容・形成外科,2,plastic_surgery,形成外科,MAPPED
美容婦人科,2,obgyn,産婦人科系,MAPPED
美容皮フ科,2,cosmetic_dermatology,美容皮膚科,MAPPED
美容皮膚,2,cosmetic_dermatology,美容皮膚科,MAPPED
老年,2,,,UNRESOLVED
老年病内科,2,internal_general,内科（総合）,MAPPED
老年神経内科,2,neurology,脳神経内科,MAPPED
老年科,2,,,UNRESOLVED
老年精神,2,psychiatry,精神科,MAPPED
耳鼻いんこう・頭頸部外科,2,head_neck_surgery|ent,頭頸部外科|耳鼻咽喉科,MAPPED
耳鼻咽喉・頭頚部外科,2,general_surgery|ent,外科|耳鼻咽喉科,MAPPED
耳鼻科,2,,,UNRESOLVED
肛門,2,,,UNRESOLVED
肛門内科・肛門外科,2,internal_general|colorectal_anal_surgery,内科（総合）|肛門・大腸外科,MAPPED
肝胆膵内科,2,internal_general,内科（総合）,MAPPED
肝臓,2,,,UNRESOLVED
肝臓・消化器内科（内視鏡）,2,gastroenterology,消化器内科,MAPPED
肝臓・胃腸内科,2,gastroenterology,消化器内科,MAPPED
肝臓・胆のう・膵臓・移植外科,2,general_surgery,外科,MAPPED
肝臓・胆嚢・膵臓外科,2,general_surgery,外科,MAPPED
肝臓消化器内科,2,gastroenterology,消化器内科,MAPPED
肝臓胆嚢膵臓内,2,gastroenterology,消化器内科,MAPPED
胃内】,2,gastroenterology,消化器内科,MAPPED
胃腸・内視鏡内科,2,gastroenterology,消化器内科,MAPPED
胃腸・肛門外科,2,colorectal_anal_surgery,肛門・大腸外科,MAPPED
胃腸・肝臓内科,2,gastroenterology,消化器内科,MAPPED
胃腸科外科,2,general_surgery,外科,MAPPED
胸部・乳腺外科,2,breast_surgery,乳腺外科,MAPPED
脳卒中外科,2,general_surgery,外科,MAPPED
脳卒中科,2,,,UNRESOLVED
脳小,2,,,UNRESOLVED
脳神経リハビリテーション科,2,rehabilitation,リハビリテーション科,MAPPED
脳腫瘍外科,2,general_surgery,外科,MAPPED
腎ひ,2,,,UNRESOLVED
腎・泌尿器外科,2,urology,泌尿器科,MAPPED
腎・透内,2,nephrology,腎臓内科,MAPPED
腎・高血圧内科,2,internal_general,内科（総合）,MAPPED
腎内（透析）,2,nephrology,腎臓内科,MAPPED
腎内（透）,2,nephrology,腎臓内科,MAPPED
腎泌尿器科,2,urology,泌尿器科,MAPPED
腎泌尿器科（人工透析）,2,urology,泌尿器科,MAPPED
腎臓リウマチ科,2,nephrology|rheumatology,腎臓内科|リウマチ・膠原病,MAPPED
腎臓・代謝内科,2,nephrology|diabetes_metabolic,腎臓内科|糖尿病・代謝内科,MAPPED
腎臓・内分泌・代謝内科,2,nephrology|diabetes_metabolic,腎臓内科|糖尿病・代謝内科,MAPPED
腎臓・膠原病内科,2,nephrology|rheumatology,腎臓内科|リウマチ・膠原病,MAPPED
腎臓内科・リウマチ科,2,nephrology|rheumatology,腎臓内科|リウマチ・膠原病,MAPPED
腎臓内科（血液透析）,2,nephrology,腎臓内科,MAPPED
腎臓外科（臓器移植）,2,general_surgery,外科,MAPPED
腎臓小児科,2,pediatrics,小児科,MAPPED
腎臓透析内科,2,nephrology,腎臓内科,MAPPED
膝関節外科,2,general_surgery,外科,MAPPED
膠原病リウマチ内,2,rheumatology,リウマチ・膠原病,MAPPED
膠原病科,2,,,UNRESOLVED
膵内,2,,,UNRESOLVED
膵外,2,,,UNRESOLVED
臨床検査,2,lab_medicine,臨床検査科,MAPPED
臨床腫瘍科,2,lab_medicine,臨床検査科,MAPPED
血液リウマチ科,2,rheumatology,リウマチ・膠原病,MAPPED
血液・膠原病内科,2,rheumatology,リウマチ・膠原病,MAPPED
血液透析,2,,,UNRESOLVED
血液透析科,2,,,UNRESOLVED
血腫内,2,oncology,腫瘍内科,MAPPED
訪問診療科,2,,,UNRESOLVED
透析内,2,nephrology,腎臓内科,MAPPED
遺伝子診療科,2,,,UNRESOLVED
頭頚部・耳鼻いんこう科,2,ent,耳鼻咽喉科,MAPPED
食外,2,,,UNRESOLVED
食道・胃外科,2,general_surgery|gi_surgery,外科|消化器外科,MAPPED
食道内科,2,internal_general,内科（総合）,MAPPED
骨軟部腫瘍科,2,,,UNRESOLVED
高齢者心療内科,2,psychosomatic,心療内科,MAPPED
高齢者臨床検査科,2,lab_medicine,臨床検査科,MAPPED
麻（ペイン）,2,,,UNRESOLVED
（主）循環器内科,2,cardiology,循環器内科,MAPPED
（主）消化器内科,2,gastroenterology,消化器内科,MAPPED
（気管食道,2,,,UNRESOLVED
（脳）小,2,,,UNRESOLVED
（腎臓,2,nephrology,腎臓内科,MAPPED
023,1,,,UNRESOLVED
024,1,,,UNRESOLVED
026,1,,,UNRESOLVED
030,1,,,UNRESOLVED
034,1,,,UNRESOLVED
036,1,,,UNRESOLVED
052,1,,,UNRESOLVED
053,1,,,UNRESOLVED
066,1,,,UNRESOLVED
083,1,,,UNRESOLVED
10,1,,,UNRESOLVED
100,1,,,UNRESOLVED
101,1,,,UNRESOLVED
102,1,,,UNRESOLVED
110,1,,,UNRESOLVED
12,1,,,UNRESOLVED
14,1,,,UNRESOLVED
15,1,,,UNRESOLVED
153,1,,,UNRESOLVED
157,1,,,UNRESOLVED
178,1,,,UNRESOLVED
182,1,,,UNRESOLVED
21,1,,,UNRESOLVED
3,1,,,UNRESOLVED
31,1,,,UNRESOLVED
325,1,,,UNRESOLVED
39,1,,,UNRESOLVED
40,1,,,UNRESOLVED
42,1,,,UNRESOLVED
43,1,,,UNRESOLVED
46,1,,,UNRESOLVED
48,1,,,UNRESOLVED
52,1,,,UNRESOLVED
57,1,,,UNRESOLVED
7,1,,,UNRESOLVED
72,1,,,UNRESOLVED
90,1,,,UNRESOLVED
①ペインクリニック内科②漢方内科,1,internal_general|kampo|pain,内科（総合）|漢方・和漢|ペインクリニック,MAPPED
①乳外②消内,1,,,UNRESOLVED
①乳腺外科,1,breast_surgery,乳腺外科,MAPPED
①人工透析内科,1,nephrology,腎臓内科,MAPPED
①人工透析内科②腎臓内科,1,nephrology,腎臓内科,MAPPED
①内分泌内,1,diabetes_metabolic,糖尿病・代謝内科,MAPPED
①内科（在宅）,1,internal_general,内科（総合）,MAPPED
①内（人工透析）③腎臓内科,1,nephrology,腎臓内科,MAPPED
①外科（人工透析）,1,general_surgery,外科,MAPPED
①大腸・胃内視鏡内科,1,gastroenterology,消化器内科,MAPPED
①放射線治療科,1,radiology_therapy,放射線治療科,MAPPED
①消化器内,1,gastroenterology,消化器内科,MAPPED
①消化器外科,1,gi_surgery,消化器外科,MAPPED
①男性泌尿器科,1,urology,泌尿器科,MAPPED
①糖尿病内科,1,diabetes_metabolic,糖尿病・代謝内科,MAPPED
①糖尿病内科②内分泌内科,1,diabetes_metabolic,糖尿病・代謝内科,MAPPED
①老年内科②糖尿病内科,1,diabetes_metabolic|geriatrics,糖尿病・代謝内科|老年内科,MAPPED
①肝臓内科,1,gastroenterology,消化器内科,MAPPED
①腎臓内科（人工透析）,1,nephrology,腎臓内科,MAPPED
①腎臓泌尿器科,1,urology,泌尿器科,MAPPED
①透析内科②腎臓内科,1,nephrology,腎臓内科,MAPPED
②ペインクリニック内科,1,internal_general|pain,内科（総合）|ペインクリニック,MAPPED
②ペインクリニック内科③緩和ケア内科,1,palliative|pain,緩和ケア|ペインクリニック,MAPPED
②乳腺外科③胃腸内科,1,breast_surgery,乳腺外科,MAPPED
②児童思春期精神科④老年精神科,1,psychiatry,精神科,MAPPED
②内分泌・代謝内科③漢方内科,1,diabetes_metabolic|kampo,糖尿病・代謝内科|漢方・和漢,MAPPED
②内分泌内科,1,diabetes_metabolic,糖尿病・代謝内科,MAPPED
②呼内③循内④消内⑤腎内⑦緩和ケア内⑨消外,1,cardiology|respiratory|nephrology|palliative,循環器内科|呼吸器内科|腎臓内科|緩和ケア,MAPPED
②女性内科,1,womens_medicine,女性内科,MAPPED
②小児心療内科,1,psychosomatic,心療内科,MAPPED
②小児整形外科,1,orthopedics,整形外科,MAPPED
②小児耳鼻咽喉科,1,pediatric_ent,小児耳鼻咽喉科,MAPPED
②形成眼科,1,ophthalmology,眼科,MAPPED
②循内,1,cardiology,循環器内科,MAPPED
②循内③消内④糖内⑧救急⑨腎内（人透）,1,cardiology|nephrology|emergency,循環器内科|腎臓内科|救急科,MAPPED
②循環器内科③消化器内科,1,cardiology|gastroenterology,循環器内科|消化器内科,MAPPED
②循環器外科,1,cardiovascular_surgery,心臓血管外科,MAPPED
②消化器・肝臓内科,1,gastroenterology,消化器内科,MAPPED
②消化器内③循環器内④放射線診断⑤糖尿外,1,cardiology|gastroenterology|diabetes_metabolic|radiology_diagnostic,循環器内科|消化器内科|糖尿病・代謝内科|放射線診断科,MAPPED
②消化器内科③糖尿病内科,1,gastroenterology|diabetes_metabolic,消化器内科|糖尿病・代謝内科,MAPPED
②消化器内科③肛門外科,1,colorectal_anal_surgery,肛門・大腸外科,MAPPED
②消化器内科⑤乳腺外科⑥肛門外科⑦腫瘍内科,1,oncology|breast_surgery|colorectal_anal_surgery,腫瘍内科|乳腺外科|肛門・大腸外科,MAPPED
②消化器外科,1,gi_surgery,消化器外科,MAPPED
②糖尿病内科③消化器内科,1,gastroenterology|diabetes_metabolic,消化器内科|糖尿病・代謝内科,MAPPED
②美容皮膚科,1,cosmetic_dermatology,美容皮膚科,MAPPED
②老年内科,1,internal_general|geriatrics,内科（総合）|老年内科,MAPPED
②肛門外科③乳腺外科,1,breast_surgery|colorectal_anal_surgery,乳腺外科|肛門・大腸外科,MAPPED
②胃腸内科③肛門外科,1,colorectal_anal_surgery,肛門・大腸外科,MAPPED
②胃腸肛門外科,1,colorectal_anal_surgery,肛門・大腸外科,MAPPED
②脳神内⑤糖尿病内科,1,diabetes_metabolic|neurology,糖尿病・代謝内科|脳神経内科,MAPPED
②腎臓内科,1,nephrology,腎臓内科,MAPPED
②血液内科,1,hematology,血液内科,MAPPED
②透析内科,1,nephrology,腎臓内科,MAPPED
③女性内科,1,womens_medicine,女性内科,MAPPED
③小精神,1,,,UNRESOLVED
③消外,1,,,UNRESOLVED
③糖尿病内科,1,diabetes_metabolic,糖尿病・代謝内科,MAPPED
③肝臓内科,1,gastroenterology,消化器内科,MAPPED
③腎臓内科,1,nephrology,腎臓内科,MAPPED
④循環器内科⑤消化器内科,1,cardiology|gastroenterology,循環器内科|消化器内科,MAPPED
④美容皮膚科,1,cosmetic_dermatology,美容皮膚科,MAPPED
④胃腸内科,1,gastroenterology,消化器内科,MAPPED
【主】消内,1,,,UNRESOLVED
【主】糖内,1,,,UNRESOLVED
がん,1,,,UNRESOLVED
がん乳腺放射線診断,1,radiology_diagnostic,放射線診断科,MAPPED
がん心療内科,1,psychosomatic,心療内科,MAPPED
がん緩和ケア内科,1,palliative,緩和ケア,MAPPED
こう・心内,1,,,UNRESOLVED
こう門外科（内視鏡）,1,general_surgery,外科,MAPPED
てんかん内科,1,internal_general,内科（総合）,MAPPED
ひ（生殖医療）,1,,,UNRESOLVED
ひ＝泌尿器科,1,urology,泌尿器科,MAPPED
ぺ内・外,1,,,UNRESOLVED
アレルギー・リウマチ科,1,rheumatology,リウマチ・膠原病,MAPPED
アレルギー・膠原病内科,1,rheumatology,リウマチ・膠原病,MAPPED
アレルギー呼吸器内科,1,respiratory,呼吸器内科,MAPPED
アレルギー性疾患皮膚科,1,dermatology,皮膚科,MAPPED
アレルギー科（呼吸器）,1,respiratory|allergy,呼吸器内科|アレルギー,MAPPED
アレルギー科（小児科）,1,pediatrics,小児科,MAPPED
アレルギー科）,1,allergy,アレルギー,MAPPED
アレルギー膠原病科,1,,,UNRESOLVED
アレ・リウ,1,,,UNRESOLVED
スポーツ整外,1,,,UNRESOLVED
スポーツ整形,1,,,UNRESOLVED
スポーツ整形外科,1,orthopedics,整形外科,MAPPED
フレイル認知症予防外来,1,,,UNRESOLVED
ペインクリック外科,1,general_surgery,外科,MAPPED
ペインクリニックリハビリテーション科,1,rehabilitation|pain,リハビリテーション科|ペインクリニック,MAPPED
ペインクリニック・疼痛緩和外科,1,general_surgery|pain,外科|ペインクリニック,MAPPED
ペインクリニック・緩和ケア外科,1,palliative|general_surgery|pain,緩和ケア|外科|ペインクリニック,MAPPED
ペインクリニック・麻酔科,1,anesthesiology|pain,麻酔科|ペインクリニック,MAPPED
ペインクリニック内科・ペインクリニック外科,1,internal_general|general_surgery|pain,内科（総合）|外科|ペインクリニック,MAPPED
ペインクリニック内科・緩和ケア内科,1,palliative|pain,緩和ケア|ペインクリニック,MAPPED
ペインクリニック外科・内科,1,internal_general|general_surgery|pain,内科（総合）|外科|ペインクリニック,MAPPED
ペインクリニック心療内科,1,psychosomatic|pain,心療内科|ペインクリニック,MAPPED
ペインクリニック（整形外科）,1,orthopedics|pain,整形外科|ペインクリニック,MAPPED
ペインクリニック）,1,pain,ペインクリニック,MAPPED
ペイン・整外,1,,,UNRESOLVED
ペイン内】緩ケア内,1,palliative|pain,緩和ケア|ペインクリニック,MAPPED
ペイン外科,1,general_surgery|pain,外科|ペインクリニック,MAPPED
ペイン整形,1,,,UNRESOLVED
ペイン（内）,1,,,UNRESOLVED
ペ内,1,,,UNRESOLVED
リ,1,,,UNRESOLVED
リウマチ,1,,,UNRESOLVED
リウマチ・免疫内科,1,,,UNRESOLVED
リウマチ・内科,1,,,UNRESOLVED
リウマチ・膠原病,1,rheumatology,リウマチ・膠原病,MAPPED
リウマチ・膠原病内,1,rheumatology,リウマチ・膠原病,MAPPED
リウマチ内,1,rheumatology,リウマチ・膠原病,MAPPED
リウマチ科・内科,1,rheumatology,リウマチ・膠原病,MAPPED
リウマチ科（膠原病）,1,rheumatology,リウマチ・膠原病,MAPPED
リウマチ腎臓内,1,nephrology,腎臓内科,MAPPED
リウマチ膠原病内,1,rheumatology,リウマチ・膠原病,MAPPED
リウ・膠原内科,1,,,UNRESOLVED
リウ・膠原病内科,1,rheumatology,リウマチ・膠原病,MAPPED
リウ内,1,,,UNRESOLVED
リハビリテーション医学科,1,rehabilitation,リハビリテーション科,MAPPED
リハビリテーション料,1,rehabilitation,リハビリテーション科,MAPPED
リハ（小児）,1,,,UNRESOLVED
リハ（整形,1,,,UNRESOLVED
リハ（整形）,1,,,UNRESOLVED
リュウマチ膠原病内科,1,rheumatology,リウマチ・膠原病,MAPPED
一般・消化器外科,1,gi_surgery,消化器外科,MAPPED
一般（特例）,1,,,UNRESOLVED
上肢外科,1,general_surgery,外科,MAPPED
不妊内,1,,,UNRESOLVED
不妊婦,1,,,UNRESOLVED
不妊治療・婦人科,1,obgyn,産婦人科系,MAPPED
不妊治療外科,1,general_surgery,外科,MAPPED
不妊治療科,1,,,UNRESOLVED
不妊科,1,,,UNRESOLVED
不妊診療科,1,,,UNRESOLVED
不整脈科,1,,,UNRESOLVED
乳,1,,,UNRESOLVED
乳・内分泌外】,1,,,UNRESOLVED
乳・分内,1,diabetes_metabolic,糖尿病・代謝内科,MAPPED
乳内泌外,1,,,UNRESOLVED
乳腫瘍内,1,oncology,腫瘍内科,MAPPED
乳腫瘍外,1,,,UNRESOLVED
乳腺・内分泌外,1,breast_surgery;general_surgery,乳腺外科;外科,MAPPED
乳腺・内分泌）外科,1,general_surgery,外科,MAPPED
乳腺・消化器外科,1,gi_surgery,消化器外科,MAPPED
乳腺・甲状腺・内分泌外科,1,general_surgery,外科,MAPPED
乳腺・甲状腺内分泌外科,1,general_surgery,外科,MAPPED
乳腺内,1,,,UNRESOLVED
乳腺外来,1,breast_surgery,乳腺外科,MAPPED
乳腺外科・内分泌外科,1,breast_surgery,乳腺外科,MAPPED
乳腺外科・消化器内科,1,breast_surgery,乳腺外科,MAPPED
乳腺外科（乳腺科）,1,breast_surgery,乳腺外科,MAPPED
乳腺放射線診断科,1,radiology_diagnostic,放射線診断科,MAPPED
乳腺病理診断科,1,pathology,病理診断科,MAPPED
乳腺腫瘍内科,1,oncology,腫瘍内科,MAPPED
乳腺腫瘍外,1,breast_surgery;oncology,乳腺外科;腫瘍内科,MAPPED
乳腺）,1,breast_surgery,乳腺外科,MAPPED
乳腺）外科,1,general_surgery,外科,MAPPED
予防接種,1,,,UNRESOLVED
人口透析内科,1,nephrology,腎臓内科,MAPPED
人工透内,1,nephrology,腎臓内科,MAPPED
人工透析・泌尿器科,1,urology,泌尿器科,MAPPED
人工透析内科・人工透析外科,1,general_surgery,外科,MAPPED
人工透析内科・人工透析外科・腎臓内科,1,general_surgery,外科,MAPPED
人工透析内科・内科（腎臓,1,nephrology,腎臓内科,MAPPED
人工透析内科（腹膜透析）,1,nephrology,腎臓内科,MAPPED
人工透析含む,1,nephrology,腎臓内科,MAPPED
人工透析外,1,nephrology,腎臓内科,MAPPED
人工透析外科・糖尿病内科・循環器内科,1,diabetes_metabolic|general_surgery,糖尿病・代謝内科|外科,MAPPED
人工透析移植外,1,nephrology,腎臓内科,MAPPED
人工透析（外科）,1,general_surgery,外科,MAPPED
人透内】,1,nephrology,腎臓内科,MAPPED
人透内】腎内,1,nephrology,腎臓内科,MAPPED
他手管理,1,,,UNRESOLVED
他科目,1,,,UNRESOLVED
他２：血液内科,1,hematology,血液内科,MAPPED
他３,1,,,UNRESOLVED
代・内泌・糖内,1,,,UNRESOLVED
代・分内,1,diabetes_metabolic,糖尿病・代謝内科,MAPPED
代謝,1,,,UNRESOLVED
代謝・内分泌・糖尿病内科,1,diabetes_metabolic,糖尿病・代謝内科,MAPPED
代謝・内分泌内科（糖尿病・甲状腺）,1,diabetes_metabolic,糖尿病・代謝内科,MAPPED
代謝内科・内分泌内科・腎臓内科・血液内科,1,nephrology|diabetes_metabolic|hematology,腎臓内科|糖尿病・代謝内科|血液内科,MAPPED
代謝内科・消化器内科・循環器内科,1,cardiology|gastroenterology|diabetes_metabolic,循環器内科|消化器内科|糖尿病・代謝内科,MAPPED
代謝糖尿病内科,1,diabetes_metabolic,糖尿病・代謝内科,MAPPED
健康管理科,1,,,UNRESOLVED
健康診断,1,,,UNRESOLVED
健診科,1,,,UNRESOLVED
免疫アレルギー内科,1,internal_general|allergy,内科（総合）|アレルギー,MAPPED
免疫・リウマチ内科,1,rheumatology,リウマチ・膠原病,MAPPED
免疫感染症科,1,,,UNRESOLVED
児リハ,1,,,UNRESOLVED
児・思精,1,,,UNRESOLVED
児心内,1,,,UNRESOLVED
児童・思春期内科,1,,,UNRESOLVED
入院患者のみ）,1,,,UNRESOLVED
内分外,1,,,UNRESOLVED
内分泌・乳腺外科,1,breast_surgery,乳腺外科,MAPPED
内分泌・代謝,1,,,UNRESOLVED
内分泌・糖尿病小児科,1,pediatrics,小児科,MAPPED
内分泌・糖尿病科,1,diabetes_metabolic,糖尿病・代謝内科,MAPPED
内分泌・脂質代謝内科,1,diabetes_metabolic,糖尿病・代謝内科,MAPPED
内分泌代謝,1,,,UNRESOLVED
内分泌代謝内,1,diabetes_metabolic,糖尿病・代謝内科,MAPPED
内分泌内・循環器内・消化器内,1,cardiology|gastroenterology|diabetes_metabolic,循環器内科|消化器内科|糖尿病・代謝内科,MAPPED
内分泌内科（糖尿病）,1,diabetes_metabolic,糖尿病・代謝内科,MAPPED
内分泌内科）,1,diabetes_metabolic,糖尿病・代謝内科,MAPPED
内分泌外,1,,,UNRESOLVED
内分泌甲状腺外科,1,general_surgery,外科,MAPPED
内分泌糖内,1,,,UNRESOLVED
内分泌糖尿病科,1,diabetes_metabolic,糖尿病・代謝内科,MAPPED
内必内,1,,,UNRESOLVED
内泌,1,,,UNRESOLVED
内泌・代小,1,,,UNRESOLVED
内泌内】内泌外,1,diabetes_metabolic,糖尿病・代謝内科,MAPPED
内科・呼吸器内科,1,respiratory,呼吸器内科,MAPPED
内科・心臓血管内科・腎臓内科（人工透析）,1,cardiology|nephrology,循環器内科|腎臓内科,MAPPED
内科・消化器内科,1,gastroenterology,消化器内科,MAPPED
内科・糖尿病内科,1,diabetes_metabolic,糖尿病・代謝内科,MAPPED
内科・糖尿病内科・代謝内科・内分泌内科,1,diabetes_metabolic,糖尿病・代謝内科,MAPPED
内科・緩和ケア内科,1,palliative,緩和ケア,MAPPED
内科漢方,1,internal_general,内科（総合）,MAPPED
内科薬物療法,1,internal_general,内科（総合）,MAPPED
内科（ペイン）,1,internal_general,内科（総合）,MAPPED
内科（内分泌代謝）,1,,,UNRESOLVED
内科（内分泌）,1,,,UNRESOLVED
内科（呼吸器,1,respiratory,呼吸器内科,MAPPED
内科（呼吸器・循環器・消化器）,1,respiratory,呼吸器内科,MAPPED
内科（呼吸器）,1,respiratory,呼吸器内科,MAPPED
内科（在宅あり）,1,internal_general,内科（総合）,MAPPED
内科（外来診療廃止,1,internal_general,内科（総合）,MAPPED
内科（循環器・人工透析）,1,nephrology,腎臓内科,MAPPED
内科（循環器・呼吸器・消化器）,1,respiratory,呼吸器内科,MAPPED
内科（循環器・呼吸器）,1,respiratory,呼吸器内科,MAPPED
内科（循環器・消化器・呼吸器）,1,respiratory,呼吸器内科,MAPPED
内科（循環器・糖尿病・内分泌・脂質代謝）,1,diabetes_metabolic,糖尿病・代謝内科,MAPPED
内科（感染症）,1,,,UNRESOLVED
内科（消化器・内視鏡・肝臓・糖尿病）,1,diabetes_metabolic,糖尿病・代謝内科,MAPPED
内科（消化器・内視鏡）,1,,,UNRESOLVED
内科（消化器・循環器・糖尿病）,1,diabetes_metabolic,糖尿病・代謝内科,MAPPED
内科（消化器内科・循環器内科）,1,cardiology|gastroenterology,循環器内科|消化器内科,MAPPED
内科（糖尿病・代謝）,1,diabetes_metabolic,糖尿病・代謝内科,MAPPED
内科（糖尿病）,1,diabetes_metabolic,糖尿病・代謝内科,MAPPED
内科（総合診療内科）,1,internal_general,内科（総合）,MAPPED
内科（総合診療科）緩和ケア内科,1,general_practice|palliative,総合診療科|緩和ケア,MAPPED
内科（肝臓・胃腸・消化器・呼吸器）,1,respiratory,呼吸器内科,MAPPED
内科（胃腸内科,1,gastroenterology,消化器内科,MAPPED
内科（胃腸科・消化器科・循環器科・呼吸器科）,1,respiratory,呼吸器内科,MAPPED
内科（脂質代謝,1,diabetes_metabolic,糖尿病・代謝内科,MAPPED
内科（腎,1,internal_general,内科（総合）,MAPPED
内科（腎臓・膠原病）,1,nephrology,腎臓内科,MAPPED
内科（膵臓・糖尿病）,1,diabetes_metabolic,糖尿病・代謝内科,MAPPED
内科（血液,1,,,UNRESOLVED
内科（血液・腎）,1,,,UNRESOLVED
内科（訪問診療のみ）,1,internal_general,内科（総合）,MAPPED
内科（透析有）,1,,,UNRESOLVED
内科（高齢者内科）,1,internal_general|geriatrics,内科（総合）|老年内科,MAPPED
内秘内,1,,,UNRESOLVED
内視鏡・消化器内科,1,gastroenterology,消化器内科,MAPPED
内視鏡内科・外科,1,general_surgery,外科,MAPPED
内視鏡内科・肝臓内科,1,gastroenterology,消化器内科,MAPPED
内視鏡外科（主科）,1,gi_surgery,消化器外科,MAPPED
内視鏡外科（消化器）,1,gi_surgery,消化器外科,MAPPED
内視鏡婦人科,1,obgyn,産婦人科系,MAPPED
内視鏡（内科,1,,,UNRESOLVED
内視鏡）内科,1,,,UNRESOLVED
内視）,1,,,UNRESOLVED
内（循環器・呼吸器）,1,respiratory,呼吸器内科,MAPPED
内（循環器・糖尿病）,1,diabetes_metabolic,糖尿病・代謝内科,MAPPED
内（感染症／アレルギー疾患）,1,,,UNRESOLVED
内（消・糖・循）,1,,,UNRESOLVED
内（緩ケア）,1,,,UNRESOLVED
内（血透）,1,,,UNRESOLVED
再生医療科,1,,,UNRESOLVED
分小,1,,,UNRESOLVED
初期診療科,1,,,UNRESOLVED
化学療法・緩和ケア内科,1,palliative,緩和ケア,MAPPED
化学療法科,1,,,UNRESOLVED
化療内,1,,,UNRESOLVED
化療外,1,,,UNRESOLVED
周内,1,,,UNRESOLVED
周産期内科,1,internal_general,内科（総合）,MAPPED
周産期循環器内科,1,cardiology,循環器内科,MAPPED
呼・アレ内,1,,,UNRESOLVED
呼・心臓,1,,,UNRESOLVED
呼内・腫瘍内,1,respiratory|oncology,呼吸器内科|腫瘍内科,MAPPED
呼吸内科,1,internal_general,内科（総合）,MAPPED
呼吸器・アレルギー科,1,respiratory|allergy,呼吸器内科|アレルギー,MAPPED
呼吸器・アレルギー膠原病内科,1,respiratory|rheumatology,呼吸器内科|リウマチ・膠原病,MAPPED
呼吸器・リウマチ科,1,respiratory|rheumatology,呼吸器内科|リウマチ・膠原病,MAPPED
呼吸器・乳腺・内分泌外科,1,general_surgery,外科,MAPPED
呼吸器・化学療法内科,1,respiratory|oncology,呼吸器内科|腫瘍内科,MAPPED
呼吸器・心臓血管外科,1,cardiovascular_surgery,心臓血管外科,MAPPED
呼吸器・膠原病内科,1,respiratory|rheumatology,呼吸器内科|リウマチ・膠原病,MAPPED
呼吸器・血管外科,1,cardiovascular_surgery,心臓血管外科,MAPPED
呼吸器内科・循環器内科・糖尿病内科・脂質代謝内科,1,cardiology|respiratory|diabetes_metabolic,循環器内科|呼吸器内科|糖尿病・代謝内科,MAPPED
呼吸器内科・腎臓内科（人工透析）,1,respiratory|nephrology,呼吸器内科|腎臓内科,MAPPED
呼吸器内科（内視鏡）,1,respiratory,呼吸器内科,MAPPED
呼吸器内科（化学療法）,1,respiratory,呼吸器内科,MAPPED
呼吸器外科・心臓血管外科,1,resp_surgery|cardiovascular_surgery,呼吸器外科|心臓血管外科,MAPPED
呼吸器外科（内視鏡）,1,resp_surgery,呼吸器外科,MAPPED
呼吸器緩和ケア内科,1,respiratory|palliative,呼吸器内科|緩和ケア,MAPPED
呼吸器）,1,respiratory,呼吸器内科,MAPPED
呼外・乳外,1,,,UNRESOLVED
呼感・アレ疾内,1,allergy,アレルギー,MAPPED
回復期リハビリテーション科,1,rehabilitation,リハビリテーション科,MAPPED
在宅訪問,1,,,UNRESOLVED
外来透析,1,,,UNRESOLVED
外科・乳腺外科,1,breast_surgery,乳腺外科,MAPPED
外科（ガン）,1,general_surgery,外科,MAPPED
外科（乳腺・甲状腺）,1,general_surgery,外科,MAPPED
外科（乳腺・肛門）,1,general_surgery,外科,MAPPED
外科（乳腺・胃腸）,1,general_surgery,外科,MAPPED
外科（消化器,1,general_surgery,外科,MAPPED
外科（消化器・乳腺・肛門・血管）,1,general_surgery,外科,MAPPED
外科（消化器・乳腺）,1,general_surgery,外科,MAPPED
外科（消化器・肛門）,1,general_surgery,外科,MAPPED
外科（消化器内視鏡）,1,general_surgery,外科,MAPPED
外科（消化器）,1,general_surgery,外科,MAPPED
外科（緩和ケア）,1,palliative|general_surgery,緩和ケア|外科,MAPPED
外科（肛門,1,general_surgery,外科,MAPPED
外科（肛門外科）,1,colorectal_anal_surgery,肛門・大腸外科,MAPPED
外科（胃腸・乳腺・肛門・呼吸器）,1,general_surgery,外科,MAPPED
外科（胃腸・大腸・肛門）,1,general_surgery,外科,MAPPED
外科（胃腸・整形）,1,general_surgery;gastroenterology;orthopedics,外科;消化器内科;整形外科,MAPPED
外科）,1,general_surgery,外科,MAPPED
外（内視鏡）,1,,,UNRESOLVED
外（消化器・内視鏡）,1,,,UNRESOLVED
外（消）,1,,,UNRESOLVED
大こ外,1,pediatric_surgery,小児外科,MAPPED
大腸・肛内,1,,,UNRESOLVED
大腸・肛門リハビリテーション科,1,rehabilitation,リハビリテーション科,MAPPED
大腸・肛門内,1,,,UNRESOLVED
大腸・肛門外,1,colorectal_anal_surgery,肛門・大腸外科,MAPPED
大腸内科,1,internal_general,内科（総合）,MAPPED
大腸肛,1,,,UNRESOLVED
大腸肛内,1,,,UNRESOLVED
大腸）外科,1,general_surgery,外科,MAPPED
女ひ】,1,,,UNRESOLVED
女ひ】大腸肛外,1,,,UNRESOLVED
女ペイン内,1,pain,ペインクリニック,MAPPED
女ペ内,1,,,UNRESOLVED
女内視外,1,womens_medicine|gi_surgery,女性内科|消化器外科,MAPPED
女心内,1,,,UNRESOLVED
女性・思春期漢方内科,1,kampo,漢方・和漢,MAPPED
女性乳腺内科,1,womens_medicine;internal_general,女性内科;内科（総合）,MAPPED
女性内科・肛門内科,1,womens_medicine,女性内科,MAPPED
女性内科（性感染症）,1,womens_medicine,女性内科,MAPPED
女性外科,1,general_surgery,外科,MAPPED
女性大腸・肛門外科,1,colorectal_anal_surgery,肛門・大腸外科,MAPPED
女性専門外来,1,,,UNRESOLVED
女性皮膚科,1,dermatology,皮膚科,MAPPED
女性肛門内科,1,,,UNRESOLVED
女性臨床検査科,1,lab_medicine,臨床検査科,MAPPED
女漢内,1,kampo,漢方・和漢,MAPPED
婦人科（不妊治療・内視鏡）,1,obgyn,産婦人科系,MAPPED
婦人科（内視鏡）,1,obgyn,産婦人科系,MAPPED
婦人科（検診のみ）,1,obgyn,産婦人科系,MAPPED
婦人科（生殖医療,1,obgyn,産婦人科系,MAPPED
婦人科）,1,obgyn,産婦人科系,MAPPED
婦内,1,,,UNRESOLVED
婦（不妊治療）,1,,,UNRESOLVED
婦（女性感）,1,,,UNRESOLVED
婦（妊・生）,1,,,UNRESOLVED
婦（生・妊）,1,,,UNRESOLVED
婦（生殖医療・思春・内泌）,1,,,UNRESOLVED
婦（睡）,1,,,UNRESOLVED
家庭医療科,1,general_practice,総合診療科,MAPPED
小アレ皮,1,pediatric_allergy,小児アレルギー,MAPPED
小リハ,1,,,UNRESOLVED
小児,1,,,UNRESOLVED
小児ひ,1,,,UNRESOLVED
小児ひふ科,1,,,UNRESOLVED
小児リウマチ科,1,rheumatology,リウマチ・膠原病,MAPPED
小児リハビリテーション料,1,rehabilitation,リハビリテーション科,MAPPED
小児・アレルギー科,1,,,UNRESOLVED
小児内分泌・代謝）内科,1,,,UNRESOLVED
小児内分泌内,1,,,UNRESOLVED
小児呼吸器内科,1,respiratory,呼吸器内科,MAPPED
小児呼吸器科,1,respiratory,呼吸器内科,MAPPED
小児外,1,pediatric_surgery,小児外科,MAPPED
小児外科（漢方）,1,pediatric_surgery,小児外科,MAPPED
小児循内,1,,,UNRESOLVED
小児循環器・新生児科,1,pediatric_cardiology,小児循環器,MAPPED
小児循環器内,1,pediatric_cardiology,小児循環器,MAPPED
小児心療内,1,psychosomatic,心療内科,MAPPED
小児思春期精神科,1,psychiatry,精神科,MAPPED
小児感内,1,,,UNRESOLVED
小児放射線治療科,1,radiology_therapy,放射線治療科,MAPPED
小児放射線科,1,radiology,放射線科,MAPPED
小児整外,1,,,UNRESOLVED
小児整外外科,1,general_surgery,外科,MAPPED
小児歯科口腔外科,1,general_surgery,外科,MAPPED
小児泌尿・生殖器外科,1,general_surgery,外科,MAPPED
小児泌尿生殖器外科,1,general_surgery,外科,MAPPED
小児消化器・肝臓内科,1,gastroenterology,消化器内科,MAPPED
小児消化器内科・小児アレルギー科・小児皮膚科,1,gastroenterology|pediatric_allergy|pediatric_dermatology,消化器内科|小児アレルギー|小児皮膚科,MAPPED
小児皮フ科,1,,,UNRESOLVED
小児眼,1,pediatric_ophthalmology,小児眼科,MAPPED
小児神経・精神科,1,psychiatry,精神科,MAPPED
小児神経外科,1,general_surgery,外科,MAPPED
小児科（児童思春期）,1,pediatrics,小児科,MAPPED
小児科（小児循環器科）,1,pediatrics|pediatric_cardiology,小児科|小児循環器,MAPPED
小児科（新生児科）,1,pediatrics,小児科,MAPPED
小児科（新生児）救急科,1,pediatrics|emergency,小児科|救急科,MAPPED
小児科（発達障害）,1,pediatrics,小児科,MAPPED
小児科（神経）,1,pediatrics,小児科,MAPPED
小児科（脳神経内科）,1,pediatrics,小児科,MAPPED
小児科）,1,pediatrics,小児科,MAPPED
小児糖尿病内,1,,,UNRESOLVED
小児耳鼻い,1,pediatric_ent,小児耳鼻咽喉科,MAPPED
小児耳鼻咽喉科頭頚部外科,1,general_surgery|pediatric_ent,外科|小児耳鼻咽喉科,MAPPED
小児胃腸科,1,,,UNRESOLVED
小児腎臓,1,,,UNRESOLVED
小児腫瘍内科,1,,,UNRESOLVED
小児膠原病科,1,,,UNRESOLVED
小児血液・腫瘍）内科,1,,,UNRESOLVED
小児血液科,1,,,UNRESOLVED
小児血液腫瘍内科,1,,,UNRESOLVED
小児診療内科,1,,,UNRESOLVED
小児麻酔科,1,anesthesiology,麻酔科,MAPPED
小内分泌・代謝,1,,,UNRESOLVED
小呼内,1,respiratory,呼吸器内科,MAPPED
小形外,1,,,UNRESOLVED
小救,1,emergency,救急科,MAPPED
小消内,1,,,UNRESOLVED
小漢内,1,kampo,漢方・和漢,MAPPED
小神内】,1,neurology|pediatric_neurology,脳神経内科|小児神経,MAPPED
小神経心療,1,,,UNRESOLVED
小腎内,1,nephrology,腎臓内科,MAPPED
小（内泌）,1,,,UNRESOLVED
小（分）,1,,,UNRESOLVED
小（心臓）,1,,,UNRESOLVED
小（新生児）,1,,,UNRESOLVED
小（新生）,1,,,UNRESOLVED
小（新）,1,,,UNRESOLVED
小（神経）,1,,,UNRESOLVED
小（腎臓）,1,nephrology,腎臓内科,MAPPED
小（腎）,1,,,UNRESOLVED
小（腫・神）,1,,,UNRESOLVED
小）,1,,,UNRESOLVED
平成２９年６月１日付届出について,1,,,UNRESOLVED
形成外科（レーザー治療）,1,plastic_surgery,形成外科,MAPPED
形成皮膚科,1,dermatology,皮膚科,MAPPED
形成眼科,1,ophthalmology,眼科,MAPPED
形成美容外,1,cosmetic_surgery,美容外科,MAPPED
形成美容外科,1,cosmetic_surgery,美容外科,MAPPED
循内・消内,1,cardiology,循環器内科,MAPPED
循内外,1,cardiology,循環器内科,MAPPED
循内消内内視内糖内消外循外肛外乳腺外血管外放射診,1,cardiology|gastroenterology|cardiovascular_surgery|breast_surgery,循環器内科|消化器内科|心臓血管外科|乳腺外科,MAPPED
循内（透析）,1,cardiology,循環器内科,MAPPED
循環器リハビリテーション科,1,rehabilitation,リハビリテーション科,MAPPED
循環器・呼吸器・腎臓内科,1,respiratory|nephrology,呼吸器内科|腎臓内科,MAPPED
循環器・呼吸器内科,1,respiratory,呼吸器内科,MAPPED
循環器・心臓内科,1,cardiology,循環器内科,MAPPED
循環器・心臓血管外科,1,cardiovascular_surgery,心臓血管外科,MAPPED
循環器・腎臓・代謝内分泌内科,1,nephrology|diabetes_metabolic,腎臓内科|糖尿病・代謝内科,MAPPED
循環器・腎臓内科,1,nephrology,腎臓内科,MAPPED
循環器内科・消化器内科,1,cardiology|gastroenterology,循環器内科|消化器内科,MAPPED
循環器内科（不整脈）,1,cardiology,循環器内科,MAPPED
循環器内科（人工透析）,1,cardiology|nephrology,循環器内科|腎臓内科,MAPPED
循環器呼吸器内科,1,respiratory,呼吸器内科,MAPPED
循環器女性内科,1,womens_medicine,女性内科,MAPPED
循環器腎臓内科,1,nephrology,腎臓内科,MAPPED
循環期内科,1,internal_general,内科（総合）,MAPPED
循環器内科,1,internal_general,内科（総合）,MAPPED
循脂内,1,,,UNRESOLVED
心・血管外,1,cardiovascular_surgery,心臓血管外科,MAPPED
心不全内科,1,internal_general,内科（総合）,MAPPED
心内】,1,,,UNRESOLVED
心療・精神科,1,psychosomatic;psychiatry,心療内科;精神科,MAPPED
心療内科・精神科,1,psychosomatic,心療内科,MAPPED
心療内科（女性）,1,psychosomatic,心療内科,MAPPED
心療内科（睡眠障害）,1,psychosomatic,心療内科,MAPPED
心療小児科,1,pediatrics,小児科,MAPPED
心療皮膚科,1,dermatology,皮膚科,MAPPED
心療眼科,1,ophthalmology,眼科,MAPPED
心療精神科,1,psychosomatic;psychiatry,心療内科;精神科,MAPPED
心臓リハビリテーション,1,rehabilitation,リハビリテーション科,MAPPED
心臓リハビリテーション料,1,rehabilitation,リハビリテーション科,MAPPED
心臓リハビリ科,1,rehabilitation,リハビリテーション科,MAPPED
心臓・血管・腎臓内科,1,nephrology,腎臓内科,MAPPED
心臓・血管内,1,cardiology,循環器内科,MAPPED
心臓血管リハ,1,,,UNRESOLVED
心臓血管リハビリテーション科,1,rehabilitation,リハビリテーション科,MAPPED
心臓血管救急科,1,emergency,救急科,MAPPED
心血外,1,cardiovascular_surgery,心臓血管外科,MAPPED
心血管カテーテル治療科,1,,,UNRESOLVED
心血管内科,1,internal_general,内科（総合）,MAPPED
心身医学科,1,,,UNRESOLVED
性感内・循内・消内・美皮,1,cardiology|infectious|cosmetic_dermatology|sexual_medicine,循環器内科|感染症内科|美容皮膚科|性感染症・性病科,MAPPED
性感外,1,,,UNRESOLVED
性感染症皮膚科,1,dermatology,皮膚科,MAPPED
性病,1,,,UNRESOLVED
性＝性感染症内科,1,infectious|sexual_medicine,感染症内科|性感染症・性病科,MAPPED
感Ⅱ,1,,,UNRESOLVED
感・リウ,1,,,UNRESOLVED
感染,1,,,UNRESOLVED
感染内科,1,infectious,感染症内科,MAPPED
感染性内科,1,,,UNRESOLVED
感染症・腫瘍内科,1,oncology,腫瘍内科,MAPPED
感染症）内科,1,,,UNRESOLVED
放射,1,,,UNRESOLVED
放射治療科,1,,,UNRESOLVED
放射線,1,radiology,放射線科,MAPPED
放射線・核医学科,1,radiology,放射線科,MAPPED
放射線診断科（核医学科）,1,radiology_diagnostic,放射線診断科,MAPPED
放射線診断科（画像診断）,1,radiology_diagnostic,放射線診断科,MAPPED
放射線診療科,1,radiology,放射線科,MAPPED
放画診,1,,,UNRESOLVED
救急・総合診療科,1,general_practice|emergency,総合診療科|救急科,MAPPED
救急医療科,1,emergency,救急科,MAPPED
救急科（救急総合診療科）,1,general_practice|emergency,総合診療科|救急科,MAPPED
救急集中治療科,1,emergency,救急科,MAPPED
救（外,1,emergency,救急科,MAPPED
整外（ペイン）,1,,,UNRESOLVED
整外（手）,1,,,UNRESOLVED
整形外科（スポーツ医学科）,1,orthopedics,整形外科,MAPPED
整形外科（ペインクリニック）,1,orthopedics|pain,整形外科|ペインクリニック,MAPPED
整形科,1,,,UNRESOLVED
新外,1,,,UNRESOLVED
新小,1,,,UNRESOLVED
新生児皮膚科,1,dermatology,皮膚科,MAPPED
新生外,1,,,UNRESOLVED
新皮,1,,,UNRESOLVED
末梢血管外科,1,cardiovascular_surgery,心臓血管外科,MAPPED
東洋医学科,1,,,UNRESOLVED
検診科,1,,,UNRESOLVED
歯科・口腔外科,1,general_surgery,外科,MAPPED
歯科口腔外科・矯正歯科,1,general_surgery,外科,MAPPED
歯科口腔科,1,,,UNRESOLVED
歯科（訪問）,1,,,UNRESOLVED
母内,1,,,UNRESOLVED
気管・食道外科,1,general_surgery,外科,MAPPED
気管食堂・耳鼻咽喉科,1,ent,耳鼻咽喉科,MAPPED
気管食外,1,,,UNRESOLVED
気管食道・アレルギー科,1,allergy,アレルギー,MAPPED
気管食道外耳鼻咽喉科,1,ent,耳鼻咽喉科,MAPPED
気管食道耳鼻いんこう科,1,ent,耳鼻咽喉科,MAPPED
気管食道）外科,1,general_surgery,外科,MAPPED
気道食道内科,1,internal_general,内科（総合）,MAPPED
気道食道外科,1,general_surgery,外科,MAPPED
気食耳い,1,ent,耳鼻咽喉科,MAPPED
泌尿器外科,1,urology,泌尿器科,MAPPED
泌尿器感染症科,1,,,UNRESOLVED
泌尿器科・小児泌尿器科,1,pediatric_urology,小児泌尿器科,MAPPED
泌尿器科（不妊診療）,1,urology,泌尿器科,MAPPED
泌尿器科（人工透析・腎移植）,1,urology,泌尿器科,MAPPED
泌尿器科（腎臓・透析・性感染症）,1,urology,泌尿器科,MAPPED
泌尿（人工透析）,1,nephrology,腎臓内科,MAPPED
消・こう外,1,colorectal_anal_surgery,肛門・大腸外科,MAPPED
消・内分泌・小外,1,,,UNRESOLVED
消・内視内,1,gastroenterology,消化器内科,MAPPED
消・腫外,1,,,UNRESOLVED
消内】乳外,1,,,UNRESOLVED
消内】消外,1,,,UNRESOLVED
消内】肛外,1,,,UNRESOLVED
消内・内視内,1,gastroenterology,消化器内科,MAPPED
消内（内視）】,1,gastroenterology,消化器内科,MAPPED
消化器リウマチ科,1,rheumatology,リウマチ・膠原病,MAPPED
消化器・一般外科,1,general_surgery,外科,MAPPED
消化器・循環器・呼吸器内科,1,respiratory,呼吸器内科,MAPPED
消化器・循環器内科,1,cardiology,循環器内科,MAPPED
消化器・移植外科,1,general_surgery,外科,MAPPED
消化器・総合,1,,,UNRESOLVED
消化器・肝胆膵内科,1,,,UNRESOLVED
消化器・肝臓・胆のう・膵臓外科,1,general_surgery,外科,MAPPED
消化器・肝臓内,1,gastroenterology,消化器内科,MAPPED
消化器・肝臓外,1,gi_surgery,消化器外科,MAPPED
消化器・胃腸,1,,,UNRESOLVED
消化器・胃腸内科,1,gastroenterology,消化器内科,MAPPED
消化器・胃腸内科（内視鏡）,1,gastroenterology,消化器内科,MAPPED
消化器・胃腸外科,1,gi_surgery,消化器外科,MAPPED
消化器・腎臓内科,1,nephrology,腎臓内科,MAPPED
消化器・腹部外科,1,general_surgery,外科,MAPPED
消化器・血液・膠原病内科,1,rheumatology,リウマチ・膠原病,MAPPED
消化器・血液内科,1,hematology,血液内科,MAPPED
消化器内科①,1,gastroenterology,消化器内科,MAPPED
消化器内科・消化器外科・肛門外科,1,colorectal_anal_surgery,肛門・大腸外科,MAPPED
消化器内科・肛門外科,1,colorectal_anal_surgery,肛門・大腸外科,MAPPED
消化器内科（人工透析）,1,gastroenterology|nephrology,消化器内科|腎臓内科,MAPPED
消化器内科（内視鏡内科）,1,gastroenterology,消化器内科,MAPPED
消化器内科（肝臓・内視鏡）,1,gastroenterology,消化器内科,MAPPED
消化器内科（胃・大腸内視鏡）,1,gastroenterology,消化器内科,MAPPED
消化器内科（胃腸・肛門・内視鏡）,1,gastroenterology,消化器内科,MAPPED
消化器内科（胃腸）,1,gastroenterology,消化器内科,MAPPED
消化器内視鏡内,1,gastroenterology,消化器内科,MAPPED
消化器内視鏡科,1,gastroenterology,消化器内科,MAPPED
消化器外科・小児外科・乳腺外科,1,gi_surgery|breast_surgery|pediatric_surgery,消化器外科|乳腺外科|小児外科,MAPPED
消化器外科（胃・大腸）,1,gi_surgery,消化器外科,MAPPED
消化器外科（胃腸・肛門）,1,gi_surgery,消化器外科,MAPPED
消化器外科（胃腸外科）,1,gi_surgery,消化器外科,MAPPED
消化器科・消化器外科,1,gi_surgery,消化器外科,MAPPED
消化器科（消化器内科）,1,gastroenterology,消化器内科,MAPPED
消化器肛門外科,1,colorectal_anal_surgery,肛門・大腸外科,MAPPED
消化器肝臓内,1,gastroenterology,消化器内科,MAPPED
消化器腫瘍内科（化学療法・緩和ケア）,1,oncology|palliative,腫瘍内科|緩和ケア,MAPPED
消化器腫瘍外科,1,general_surgery,外科,MAPPED
消化器（内視鏡）,1,,,UNRESOLVED
消化器（胃腸）科,1,,,UNRESOLVED
消化器）外科,1,general_surgery,外科,MAPPED
消化器）漢方内科,1,kampo,漢方・和漢,MAPPED
消化外,1,,,UNRESOLVED
消外】,1,,,UNRESOLVED
消外・乳腺外,1,breast_surgery,乳腺外科,MAPPED
消外（内視鏡）,1,,,UNRESOLVED
消外（内視）,1,,,UNRESOLVED
消外（肝臓胆道膵臓）,1,,,UNRESOLVED
消外（食道胃大腸肛門）,1,,,UNRESOLVED
消火器外科,1,general_surgery,外科,MAPPED
消腫外,1,,,UNRESOLVED
消（内科,1,internal_general,内科（総合）,MAPPED
漢ひ,1,,,UNRESOLVED
漢婦,1,,,UNRESOLVED
漢心内,1,,,UNRESOLVED
漢方・アレルギー疾患内科,1,internal_general|allergy,内科（総合）|アレルギー,MAPPED
漢方・ペインクリニック内科,1,internal_general|pain,内科（総合）|ペインクリニック,MAPPED
漢方・リウマチ科,1,rheumatology,リウマチ・膠原病,MAPPED
漢方・疼痛緩和内科,1,palliative|pain,緩和ケア|ペインクリニック,MAPPED
漢方内科・女性内科,1,womens_medicine|kampo,女性内科|漢方・和漢,MAPPED
漢方呼吸器内科,1,respiratory,呼吸器内科,MAPPED
漢方外来,1,,,UNRESOLVED
漢方女性内科,1,womens_medicine,女性内科,MAPPED
漢方小児,1,,,UNRESOLVED
漢方小児科・心療小児科,1,pediatrics,小児科,MAPPED
漢方循環器内科,1,cardiology,循環器内科,MAPPED
漢方消化器内科,1,gastroenterology,消化器内科,MAPPED
漢方消化器科,1,,,UNRESOLVED
漢方科,1,,,UNRESOLVED
漢方胃腸内科,1,gastroenterology,消化器内科,MAPPED
漢方脳神経内科,1,neurology,脳神経内科,MAPPED
漢方脳神経外科,1,neurosurgery,脳神経外科,MAPPED
漢方腫瘍内科（がん漢方）,1,oncology,腫瘍内科,MAPPED
物理療法科,1,,,UNRESOLVED
理学療法,1,,,UNRESOLVED
理学診断科,1,,,UNRESOLVED
理学診療,1,,,UNRESOLVED
生殖医,1,,,UNRESOLVED
生殖医療・不妊治療産婦人科,1,obgyn,産婦人科系,MAPPED
生殖医療産婦人科,1,obgyn,産婦人科系,MAPPED
生活習慣病内科,1,internal_general,内科（総合）,MAPPED
産・婦,1,,,UNRESOLVED
産婦人科（がん）,1,obgyn,産婦人科系,MAPPED
産婦人科（婦人科・産科）,1,obgyn,産婦人科系,MAPPED
産婦人科（性感染症）,1,obgyn,産婦人科系,MAPPED
産婦人科（漢方）,1,obgyn,産婦人科系,MAPPED
産婦人科（生殖医療・不妊治療）,1,obgyn,産婦人科系,MAPPED
産婦（漢方）,1,,,UNRESOLVED
産婦（生）,1,,,UNRESOLVED
産婦（生）心臓,1,,,UNRESOLVED
産科周産期科,1,obgyn,産婦人科系,MAPPED
甲状腺・糖内,1,,,UNRESOLVED
甲状腺内,1,,,UNRESOLVED
甲状腺内分泌内科,1,diabetes_metabolic,糖尿病・代謝内科,MAPPED
甲状腺外,1,,,UNRESOLVED
甲状腺科,1,,,UNRESOLVED
男内,1,,,UNRESOLVED
男性不妊治療内科,1,internal_general,内科（総合）,MAPPED
男性性感染症外科,1,general_surgery,外科,MAPPED
男皮,1,,,UNRESOLVED
画像診断・治療科,1,,,UNRESOLVED
疼痛・緩和ケア内科,1,palliative|pain,緩和ケア|ペインクリニック,MAPPED
疼痛・緩和ケア科,1,palliative|pain,緩和ケア|ペインクリニック,MAPPED
疼痛内科,1,internal_general|pain,内科（総合）|ペインクリニック,MAPPED
疼痛外来,1,pain,ペインクリニック,MAPPED
疼痛緩和内科・外科,1,palliative|general_surgery|pain,緩和ケア|外科|ペインクリニック,MAPPED
疼痛緩和内科（神経,1,palliative|pain,緩和ケア|ペインクリニック,MAPPED
疼痛緩和皮膚科,1,dermatology|pain,皮膚科|ペインクリニック,MAPPED
疼痛緩和）,1,pain,ペインクリニック,MAPPED
病理診断・臨床検査科,1,pathology|lab_medicine,病理診断科|臨床検査科,MAPPED
療養,1,,,UNRESOLVED
皮膚,1,,,UNRESOLVED
皮膚・アレルギー科,1,allergy,アレルギー,MAPPED
皮膚科・形成外科,1,dermatology|plastic_surgery,皮膚科|形成外科,MAPPED
皮膚科（アレルギー疾患）,1,dermatology,皮膚科,MAPPED
皮膚科（性感染症含む）,1,dermatology,皮膚科,MAPPED
皮膚美容科,1,,,UNRESOLVED
皮膚腫瘍外科,1,general_surgery,外科,MAPPED
眼形成眼窩外科,1,ophthalmology;plastic_surgery,眼科;形成外科,MAPPED
睡眠内科,1,internal_general,内科（総合）,MAPPED
睡眠外来,1,,,UNRESOLVED
睡眠時障害内科,1,internal_general,内科（総合）,MAPPED
睡眠障害・心療内科,1,psychosomatic,心療内科,MAPPED
睡眠障害呼吸器内,1,respiratory,呼吸器内科,MAPPED
睡眠障害外来,1,,,UNRESOLVED
睡眠障害泌尿器科,1,urology,泌尿器科,MAPPED
睡眠障害皮膚科,1,dermatology,皮膚科,MAPPED
睡眠障害精神,1,sleep_medicine;psychiatry,睡眠医療;精神科,MAPPED
睡耳,1,ent,耳鼻咽喉科,MAPPED
神経リハビリテーション科,1,rehabilitation,リハビリテーション科,MAPPED
神経・精神,1,psychiatry,精神科,MAPPED
神経内科（脳神経内科）,1,neurology,脳神経内科,MAPPED
神経再生医療科,1,,,UNRESOLVED
神経外科,1,general_surgery,外科,MAPPED
神経小児内科,1,pediatrics,小児科,MAPPED
神経耳鼻咽喉科,1,ent,耳鼻咽喉科,MAPPED
禁煙外来,1,,,UNRESOLVED
移内腎,1,,,UNRESOLVED
移内（腎）,1,,,UNRESOLVED
移植,1,,,UNRESOLVED
移植・一般外科,1,general_surgery,外科,MAPPED
移植内,1,,,UNRESOLVED
移植内科,1,internal_general,内科（総合）,MAPPED
移植外,1,,,UNRESOLVED
精神・心療内科,1,psychosomatic,心療内科,MAPPED
精神・神経科,1,psychiatry,精神科,MAPPED
精神保健科,1,psychiatry,精神科,MAPPED
精神神経,1,psychiatry,精神科,MAPPED
精神科・神経科,1,psychiatry,精神科,MAPPED
精神科目,1,psychiatry,精神科,MAPPED
精神科神経科,1,psychiatry,精神科,MAPPED
精神科（児童）,1,psychiatry,精神科,MAPPED
精神科（女,1,psychiatry,精神科,MAPPED
精神科（小児）,1,psychiatry,精神科,MAPPED
精腫,1,,,UNRESOLVED
精（女・児・思春）,1,,,UNRESOLVED
精（認知症）,1,,,UNRESOLVED
糖・代・内泌内科,1,internal_general|diabetes_metabolic,内科（総合）|糖尿病・代謝内科,MAPPED
糖・代謝・内泌内,1,diabetes_metabolic,糖尿病・代謝内科,MAPPED
糖・内分泌・代内,1,diabetes_metabolic,糖尿病・代謝内科,MAPPED
糖代内泌内,1,diabetes_metabolic,糖尿病・代謝内科,MAPPED
糖代謝・内分泌内,1,diabetes_metabolic,糖尿病・代謝内科,MAPPED
糖内】,1,,,UNRESOLVED
糖内】代内,1,diabetes_metabolic,糖尿病・代謝内科,MAPPED
糖内】循内,1,cardiology,循環器内科,MAPPED
糖内・循内,1,cardiology,循環器内科,MAPPED
糖分内,1,diabetes_metabolic,糖尿病・代謝内科,MAPPED
糖尿・代謝・内分泌内科,1,diabetes_metabolic,糖尿病・代謝内科,MAPPED
糖尿・代謝内,1,diabetes_metabolic,糖尿病・代謝内科,MAPPED
糖尿・内分泌科,1,diabetes_metabolic,糖尿病・代謝内科,MAPPED
糖尿・内分泌）,1,diabetes_metabolic,糖尿病・代謝内科,MAPPED
糖尿病・代謝,1,diabetes_metabolic,糖尿病・代謝内科,MAPPED
糖尿病・代謝・内分泌・老年内科,1,diabetes_metabolic|geriatrics,糖尿病・代謝内科|老年内科,MAPPED
糖尿病・代謝・内分泌・脂質代謝内科,1,diabetes_metabolic,糖尿病・代謝内科,MAPPED
糖尿病・代謝・内分泌科,1,diabetes_metabolic,糖尿病・代謝内科,MAPPED
糖尿病・代謝・内分泌）,1,diabetes_metabolic,糖尿病・代謝内科,MAPPED
糖尿病・代謝内分泌内,1,diabetes_metabolic,糖尿病・代謝内科,MAPPED
糖尿病・代謝内分泌内科,1,diabetes_metabolic,糖尿病・代謝内科,MAPPED
糖尿病・代謝）内科,1,diabetes_metabolic,糖尿病・代謝内科,MAPPED
糖尿病・内分泌,1,diabetes_metabolic,糖尿病・代謝内科,MAPPED
糖尿病・内分泌・高血圧内科,1,diabetes_metabolic,糖尿病・代謝内科,MAPPED
糖尿病・内分泌代謝科,1,diabetes_metabolic,糖尿病・代謝内科,MAPPED
糖尿病・内分泌）内科,1,diabetes_metabolic,糖尿病・代謝内科,MAPPED
糖尿病・甲状腺内科,1,diabetes_metabolic,糖尿病・代謝内科,MAPPED
糖尿病・老年内科,1,diabetes_metabolic|geriatrics,糖尿病・代謝内科|老年内科,MAPPED
糖尿病・脂質代謝・内分泌内科,1,diabetes_metabolic,糖尿病・代謝内科,MAPPED
糖尿病・脂質代謝内科・老年内科,1,diabetes_metabolic|geriatrics,糖尿病・代謝内科|老年内科,MAPPED
糖尿病・腎臓内科,1,nephrology|diabetes_metabolic,腎臓内科|糖尿病・代謝内科,MAPPED
糖尿病代謝内分泌内科,1,diabetes_metabolic,糖尿病・代謝内科,MAPPED
糖尿病内内科,1,diabetes_metabolic,糖尿病・代謝内科,MAPPED
糖尿病内分泌,1,diabetes_metabolic,糖尿病・代謝内科,MAPPED
糖尿病内科・代謝内科,1,diabetes_metabolic,糖尿病・代謝内科,MAPPED
糖尿病内科・内分泌内科・小児泌尿器科,1,pediatric_urology,小児泌尿器科,MAPPED
糖尿病眼科,1,diabetes_metabolic|ophthalmology,糖尿病・代謝内科|眼科,MAPPED
糖尿病透析内科,1,nephrology|diabetes_metabolic,腎臓内科|糖尿病・代謝内科,MAPPED
糖血内,1,hematology,血液内科,MAPPED
結核内科,1,internal_general,内科（総合）,MAPPED
総合,1,,,UNRESOLVED
総合診療科（人工透析）,1,general_practice|nephrology,総合診療科|腎臓内科,MAPPED
総合診療科（内科,1,internal_general|general_practice,内科（総合）|総合診療科,MAPPED
緩ケア内】,1,palliative,緩和ケア,MAPPED
緩ケ外,1,,,UNRESOLVED
緩和ケアリハビリテーション科,1,palliative|rehabilitation,緩和ケア|リハビリテーション科,MAPPED
緩和ケア・ペインクリニック内科,1,palliative|pain,緩和ケア|ペインクリニック,MAPPED
緩和ケア・外科,1,palliative|general_surgery,緩和ケア|外科,MAPPED
緩和ケア・老年内科,1,palliative|geriatrics,緩和ケア|老年内科,MAPPED
緩和ケア内科・疼痛緩和内科,1,palliative|pain,緩和ケア|ペインクリニック,MAPPED
緩和ケア外,1,palliative,緩和ケア,MAPPED
緩和ケア放射線科,1,palliative|radiology,緩和ケア|放射線科,MAPPED
緩和ケ外,1,,,UNRESOLVED
緩和内科,1,,,UNRESOLVED
緩和支持治療科,1,,,UNRESOLVED
美,1,,,UNRESOLVED
美容内,1,,,UNRESOLVED
美容皮膚科（自由診療のみ）,1,cosmetic_dermatology,美容皮膚科,MAPPED
老年・神経内科,1,neurology,脳神経内科,MAPPED
老年内科・腎臓内科・循環器内科・糖尿病内科,1,cardiology|nephrology|diabetes_metabolic|geriatrics,循環器内科|腎臓内科|糖尿病・代謝内科|老年内科,MAPPED
老年心療内,1,psychosomatic,心療内科,MAPPED
老年病科,1,,,UNRESOLVED
老年皮膚科,1,dermatology,皮膚科,MAPPED
老年精神（認知症）,1,psychiatry,精神科,MAPPED
老年緩和ケア内科,1,palliative,緩和ケア,MAPPED
老年脳神経外科,1,neurosurgery,脳神経外科,MAPPED
老年）,1,,,UNRESOLVED
老神内,1,neurology,脳神経内科,MAPPED
老精】,1,psychiatry,精神科,MAPPED
老腫内,1,oncology,腫瘍内科,MAPPED
老齢内科,1,internal_general,内科（総合）,MAPPED
耳い・頭頸外,1,head_neck_surgery|ent,頭頸部外科|耳鼻咽喉科,MAPPED
耳い・頭頸部外,1,head_neck_surgery|ent,頭頸部外科|耳鼻咽喉科,MAPPED
耳下腺・甲状腺外科,1,general_surgery|ent,外科|耳鼻咽喉科,MAPPED
耳咽,1,ent,耳鼻咽喉科,MAPPED
耳鼻咽喉・気管食道科,1,ent,耳鼻咽喉科,MAPPED
耳鼻咽喉・頭頸部）外科,1,general_surgery|ent,外科|耳鼻咽喉科,MAPPED
耳鼻咽喉外科,1,general_surgery|ent,外科|耳鼻咽喉科,MAPPED
耳鼻咽喉科・甲状腺外科,1,general_surgery|ent,外科|耳鼻咽喉科,MAPPED
耳鼻咽喉科頭頚部外科,1,general_surgery|ent,外科|耳鼻咽喉科,MAPPED
耳鼻咽喉科（小児）,1,ent,耳鼻咽喉科,MAPPED
耳鼻咽喉科（気管食道）,1,ent,耳鼻咽喉科,MAPPED
耳鼻咽喉頭頚部外科,1,general_surgery|ent,外科|耳鼻咽喉科,MAPPED
耳鼻咽喉頭頸部外科,1,head_neck_surgery|ent,頭頸部外科|耳鼻咽喉科,MAPPED
耳鼻咽頭科,1,,,UNRESOLVED
肛外】内視内,1,gastroenterology,消化器内科,MAPPED
肛門・大腸外科,1,general_surgery|gi_surgery,外科|消化器外科,MAPPED
肛門内科・外科,1,internal_general|general_surgery,内科（総合）|外科,MAPPED
肛門内科外科,1,internal_general|general_surgery,内科（総合）|外科,MAPPED
肛門消化器内科,1,gastroenterology,消化器内科,MAPPED
肛門科外科,1,general_surgery,外科,MAPPED
肛門科（肛門外科）,1,colorectal_anal_surgery,肛門・大腸外科,MAPPED
肝,1,,,UNRESOLVED
肝胃内,1,gastroenterology,消化器内科,MAPPED
肝胆膵・移植外科,1,general_surgery,外科,MAPPED
肝胆膵内,1,,,UNRESOLVED
肝胆膵外,1,gi_surgery,消化器外科,MAPPED
肝臓・内視鏡・消化器内科,1,gastroenterology,消化器内科,MAPPED
肝臓・糖尿病・内分泌内科,1,diabetes_metabolic,糖尿病・代謝内科,MAPPED
肝臓・糖尿病内科,1,diabetes_metabolic,糖尿病・代謝内科,MAPPED
肝臓・胆のう・すい臓外科,1,general_surgery,外科,MAPPED
肝臓・胆のう・脾臓内科,1,,,UNRESOLVED
肝臓・胆のう・脾臓外科,1,general_surgery,外科,MAPPED
肝臓・胆のう・膵臓内,1,gastroenterology,消化器内科,MAPPED
肝臓・胆嚢・脾臓内科,1,,,UNRESOLVED
肝臓・胆道・膵臓外科,1,general_surgery,外科,MAPPED
肝臓外,1,gi_surgery,消化器外科,MAPPED
肝臓消化器）内科,1,,,UNRESOLVED
肝臓病内科,1,,,UNRESOLVED
肝臓胆のう膵臓内科,1,gastroenterology,消化器内科,MAPPED
肝臓胆のう膵臓外科,1,general_surgery,外科,MAPPED
肝臓胆嚢膵臓外,1,,,UNRESOLVED
肝臓胆嚢膵臓外科,1,general_surgery,外科,MAPPED
肺放射線診断科,1,radiology_diagnostic,放射線診断科,MAPPED
肺腫瘍内科,1,oncology,腫瘍内科,MAPPED
胃・こう内,1,,,UNRESOLVED
胃・こう外,1,colorectal_anal_surgery,肛門・大腸外科,MAPPED
胃・大腸・消化器内科,1,gastroenterology,消化器内科,MAPPED
胃・大腸内視鏡内科,1,gastroenterology,消化器内科,MAPPED
胃内】肛外,1,gastroenterology,消化器内科,MAPPED
胃内（内視）,1,gastroenterology,消化器内科,MAPPED
胃腸・大腸・肛門外科,1,colorectal_anal_surgery,肛門・大腸外科,MAPPED
胃腸・大腸・胆のう・肛門外科,1,colorectal_anal_surgery,肛門・大腸外科,MAPPED
胃腸・大腸内視鏡内科,1,gastroenterology,消化器内科,MAPPED
胃腸・消化器内科（内視鏡）,1,gastroenterology,消化器内科,MAPPED
胃腸・消化器外科,1,gi_surgery,消化器外科,MAPPED
胃腸・肛門内科,1,,,UNRESOLVED
胃腸・肛門科,1,,,UNRESOLVED
胃腸・肝臓・胆のう・膵臓内科,1,gastroenterology,消化器内科,MAPPED
胃腸・肝臓内,1,gastroenterology,消化器内科,MAPPED
胃腸内科・外科,1,general_surgery,外科,MAPPED
胃腸内科・消化器内科,1,gastroenterology,消化器内科,MAPPED
胃腸内科内視鏡,1,gastroenterology,消化器内科,MAPPED
胃腸内（内視鏡）,1,gastroenterology,消化器内科,MAPPED
胃腸外科・肝臓外科・胆のう外科・膵臓外科,1,gi_surgery,消化器外科,MAPPED
胃腸大腸内視鏡内科,1,gastroenterology,消化器内科,MAPPED
胃腸消化器内科,1,gastroenterology,消化器内科,MAPPED
胃腸科（消化器内科）,1,gastroenterology,消化器内科,MAPPED
胃腸肛門内科,1,,,UNRESOLVED
胆のう・肝臓・膵臓外科,1,general_surgery,外科,MAPPED
胆のう・膵臓内科,1,internal_general|gastroenterology,内科（総合）|消化器内科,MAPPED
胆のう外,1,,,UNRESOLVED
胆のう膵臓内科,1,internal_general|gastroenterology,内科（総合）|消化器内科,MAPPED
胆・膵内,1,,,UNRESOLVED
胆内,1,,,UNRESOLVED
胆嚢外,1,,,UNRESOLVED
胆嚢外科,1,general_surgery,外科,MAPPED
胆膵内科,1,internal_general,内科（総合）,MAPPED
胸部・心臓血管外,1,cardiovascular_surgery,心臓血管外科,MAPPED
胸部・血管外科,1,cardiovascular_surgery,心臓血管外科,MAPPED
脂・血内,1,hematology,血液内科,MAPPED
脂質代謝,1,diabetes_metabolic,糖尿病・代謝内科,MAPPED
脂質代謝・糖尿病内科,1,diabetes_metabolic,糖尿病・代謝内科,MAPPED
脂質代謝内科）,1,diabetes_metabolic,糖尿病・代謝内科,MAPPED
脊椎・脊髄外,1,,,UNRESOLVED
脊椎脊髄外,1,,,UNRESOLVED
脊髄脊椎外科,1,general_surgery,外科,MAPPED
脳・心臓血管内科,1,internal_general|cardiology,内科（総合）|循環器内科,MAPPED
脳・神内,1,neurology,脳神経内科,MAPPED
脳・血管放射線科,1,radiology,放射線科,MAPPED
脳内科,1,internal_general,内科（総合）,MAPPED
脳卒内,1,,,UNRESOLVED
脳神経,1,,,UNRESOLVED
脳神経・血管外科,1,cardiovascular_surgery,心臓血管外科,MAPPED
脳神経病理診断科,1,pathology,病理診断科,MAPPED
脳神経）,1,,,UNRESOLVED
脳脊髄神経外科,1,general_surgery,外科,MAPPED
脳血管内外,1,neurology,脳神経内科,MAPPED
脳血管外,1,cardiovascular_surgery,心臓血管外科,MAPPED
脳血管外科,1,cardiovascular_surgery,心臓血管外科,MAPPED
脳血管救急科,1,emergency,救急科,MAPPED
腎・糖尿病内科,1,diabetes_metabolic,糖尿病・代謝内科,MAPPED
腎・高血内,1,hematology,血液内科,MAPPED
腎不全科,1,,,UNRESOLVED
腎代謝内科,1,diabetes_metabolic,糖尿病・代謝内科,MAPPED
腎内（人透）】,1,nephrology,腎臓内科,MAPPED
腎内（人透）糖内,1,nephrology,腎臓内科,MAPPED
腎泌,1,,,UNRESOLVED
腎移内,1,,,UNRESOLVED
腎移外,1,,,UNRESOLVED
腎移植外科,1,general_surgery,外科,MAPPED
腎移植科,1,,,UNRESOLVED
腎臓リウマチ内,1,nephrology|rheumatology,腎臓内科|リウマチ・膠原病,MAPPED
腎臓・リウマチ内科,1,nephrology|rheumatology,腎臓内科|リウマチ・膠原病,MAPPED
腎臓代謝内科,1,nephrology|diabetes_metabolic,腎臓内科|糖尿病・代謝内科,MAPPED
腎臓内科（人工透析・腎移植）,1,nephrology,腎臓内科,MAPPED
腎臓内科（血液透析・腹膜透析）,1,nephrology,腎臓内科,MAPPED
腎臓外科・泌尿器科,1,general_surgery|urology,外科|泌尿器科,MAPPED
腎臓外科（人工透析・腎移植）,1,general_surgery,外科,MAPPED
腎臓外科（人工透析）,1,general_surgery,外科,MAPPED
腎臓病内科,1,nephrology,腎臓内科,MAPPED
腎臓移植内科,1,nephrology,腎臓内科,MAPPED
腎臓移植泌尿器科,1,urology,泌尿器科,MAPPED
腎臓糖尿病内科,1,nephrology|diabetes_metabolic,腎臓内科|糖尿病・代謝内科,MAPPED
腎臓）内科,1,nephrology,腎臓内科,MAPPED
腎透内,1,nephrology,腎臓内科,MAPPED
腎／高血圧内科,1,internal_general,内科（総合）,MAPPED
腫ひ,1,,,UNRESOLVED
腫傷内科,1,internal_general,内科（総合）,MAPPED
腫内】,1,oncology,腫瘍内科,MAPPED
腫婦,1,,,UNRESOLVED
腫整,1,,,UNRESOLVED
腫整外,1,,,UNRESOLVED
腫疼緩内,1,palliative,緩和ケア,MAPPED
腫瘍・疼痛緩和外科,1,general_surgery|pain,外科|ペインクリニック,MAPPED
腫瘍内科・緩和ケア内科,1,oncology|palliative,腫瘍内科|緩和ケア,MAPPED
腫瘍内科・腫瘍外科,1,oncology|general_surgery,腫瘍内科|外科,MAPPED
腫瘍内科腎臓内科内分泌代謝内科老年内科緩和ケア内科,1,nephrology|diabetes_metabolic|oncology|palliative|geriatrics,腎臓内科|糖尿病・代謝内科|腫瘍内科|緩和ケア|老年内科,MAPPED
腫瘍内科（化学療法）,1,oncology,腫瘍内科,MAPPED
腫瘍循環器科,1,,,UNRESOLVED
腫瘍放,1,,,UNRESOLVED
腫瘍泌尿器科,1,urology,泌尿器科,MAPPED
腫皮,1,,,UNRESOLVED
腹外,1,,,UNRESOLVED
腹膜透析）,1,,,UNRESOLVED
腹透,1,,,UNRESOLVED
腹部,1,,,UNRESOLVED
腹部外,1,,,UNRESOLVED
腹部救急科,1,emergency,救急科,MAPPED
膠リウ内,1,,,UNRESOLVED
膠内,1,,,UNRESOLVED
膠原,1,,,UNRESOLVED
膠原内科,1,,,UNRESOLVED
膠原病リュウマチ内科,1,,,UNRESOLVED
膠原病・アレルギー内科,1,allergy,アレルギー,MAPPED
膠原病・リウマチ・アレルギー内科,1,rheumatology|allergy,リウマチ・膠原病|アレルギー,MAPPED
膠原病・リウマチ・アレルギー科,1,rheumatology|allergy,リウマチ・膠原病|アレルギー,MAPPED
膠原病・リウマチ内,1,rheumatology,リウマチ・膠原病,MAPPED
膠原病・リュウマチ内科,1,,,UNRESOLVED
膠原病内,1,rheumatology,リウマチ・膠原病,MAPPED
膵・胆道内科,1,internal_general,内科（総合）,MAPPED
膵臓,1,,,UNRESOLVED
膵臓・消化器内科,1,gastroenterology,消化器内科,MAPPED
膵臓・胆のう内科,1,internal_general,内科（総合）,MAPPED
膵臓・胆嚢内科,1,internal_general,内科（総合）,MAPPED
膵臓胆嚢外,1,,,UNRESOLVED
臨床検,1,lab_medicine,臨床検査科,MAPPED
臨床検査医学科,1,lab_medicine,臨床検査科,MAPPED
臨床腫瘍,1,lab_medicine,臨床検査科,MAPPED
臨床薬理内科,1,internal_general|lab_medicine,内科（総合）|臨床検査科,MAPPED
臨検査,1,lab_medicine,臨床検査科,MAPPED
薬物療法内科,1,internal_general,内科（総合）,MAPPED
血,1,,,UNRESOLVED
血液・アレルギー・糖尿病内科,1,diabetes_metabolic,糖尿病・代謝内科,MAPPED
血液・アレルギー科,1,allergy,アレルギー,MAPPED
血液・リウマチ科,1,rheumatology,リウマチ・膠原病,MAPPED
血液・リウマチ膠原病科,1,rheumatology,リウマチ・膠原病,MAPPED
血液・感染症内科,1,infectious,感染症内科,MAPPED
血液・腫瘍,1,,,UNRESOLVED
血液外科,1,general_surgery,外科,MAPPED
血液小児科,1,pediatrics,小児科,MAPPED
血液浄化療法科（人工透析内科）,1,nephrology,腎臓内科,MAPPED
血液腎臓内科,1,nephrology,腎臓内科,MAPPED
血液腫瘍,1,,,UNRESOLVED
血液腫瘍外科,1,general_surgery,外科,MAPPED
血管,1,,,UNRESOLVED
血管放,1,,,UNRESOLVED
血管透析内科,1,nephrology,腎臓内科,MAPPED
血菅外,1,,,UNRESOLVED
診療内科,1,internal_general,内科（総合）,MAPPED
認知症内科,1,internal_general,内科（総合）,MAPPED
誤って削除の申し,1,,,UNRESOLVED
透,1,,,UNRESOLVED
透・血管外,1,cardiovascular_surgery,心臓血管外科,MAPPED
透析リハビリテーション科,1,rehabilitation,リハビリテーション科,MAPPED
透析内科（人工透析）,1,nephrology,腎臓内科,MAPPED
透析内科（血液透析,1,nephrology,腎臓内科,MAPPED
透析外来,1,,,UNRESOLVED
透析泌尿器科,1,urology,泌尿器科,MAPPED
透析科,1,,,UNRESOLVED
透析）,1,,,UNRESOLVED
透析）内科,1,,,UNRESOLVED
遺伝診療科,1,,,UNRESOLVED
鏡外,1,,,UNRESOLVED
鏡外（胃・大）,1,,,UNRESOLVED
関節リウマチ科,1,rheumatology,リウマチ・膠原病,MAPPED
集治,1,,,UNRESOLVED
頚頭部外科,1,general_surgery,外科,MAPPED
頭・耳い,1,ent,耳鼻咽喉科,MAPPED
頭部皮膚科,1,dermatology,皮膚科,MAPPED
頭頚外,1,,,UNRESOLVED
頭頚部・耳鼻咽喉科,1,ent,耳鼻咽喉科,MAPPED
頭頸・耳,1,ent,耳鼻咽喉科,MAPPED
頭頸部・甲状腺外科,1,general_surgery,外科,MAPPED
頭頸部・耳鼻いんこう科,1,ent,耳鼻咽喉科,MAPPED
頭頸部・耳鼻咽頭科,1,,,UNRESOLVED
頭頸部内科,1,internal_general,内科（総合）,MAPPED
頭頸部外科（腫瘍／がん）,1,head_neck_surgery,頭頸部外科,MAPPED
頭頸部耳鼻いんこう科,1,ent,耳鼻咽喉科,MAPPED
頭頸部腫瘍・耳鼻咽喉科,1,ent,耳鼻咽喉科,MAPPED
頸部臨床検査科,1,lab_medicine,臨床検査科,MAPPED
食・胃外科,1,general_surgery|gi_surgery,外科|消化器外科,MAPPED
食道・胃・大腸外科,1,general_surgery|gi_surgery,外科|消化器外科,MAPPED
食道・胃腸・小腸・大腸内科,1,,,UNRESOLVED
骨盤底リハビリテーション科,1,rehabilitation,リハビリテーション科,MAPPED
骨軟部腫瘍・整形外科,1,orthopedics,整形外科,MAPPED
骨軟部腫瘍外科,1,general_surgery,外科,MAPPED
高血圧・腎臓内科,1,nephrology,腎臓内科,MAPPED
高血圧糖尿病内科,1,diabetes_metabolic,糖尿病・代謝内科,MAPPED
高齢内,1,,,UNRESOLVED
高齢医学科,1,,,UNRESOLVED
高齢者救急科,1,emergency,救急科,MAPPED
高齢者歯科,1,,,UNRESOLVED
高齢者皮ふ科,1,,,UNRESOLVED
高齢者精神科,1,psychiatry,精神科,MAPPED
麻酔科・ペインクリニック,1,anesthesiology|pain,麻酔科|ペインクリニック,MAPPED
麻酔科（ペインクリニック内科）,1,internal_general|anesthesiology|pain,内科（総合）|麻酔科|ペインクリニック,MAPPED
麻酔科（ペインクリニック科）,1,anesthesiology|pain,麻酔科|ペインクリニック,MAPPED
（主）ペインクリニック内科,1,internal_general|pain,内科（総合）|ペインクリニック,MAPPED
（主）糖尿病内科,1,diabetes_metabolic,糖尿病・代謝内科,MAPPED
（乳腺,1,breast_surgery,乳腺外科,MAPPED
（人工透析,1,nephrology,腎臓内科,MAPPED
（人透）,1,,,UNRESOLVED
（内分泌,1,,,UNRESOLVED
（分）小,1,,,UNRESOLVED
（呼）小,1,,,UNRESOLVED
（小）心内,1,,,UNRESOLVED
（循環器内科）,1,cardiology,循環器内科,MAPPED
（感染症,1,,,UNRESOLVED
（感）小,1,,,UNRESOLVED
（新）内,1,,,UNRESOLVED
（消化器・乳腺）外科,1,general_surgery,外科,MAPPED
（漢方,1,,,UNRESOLVED
（生殖医療）,1,,,UNRESOLVED
（糖尿病,1,diabetes_metabolic,糖尿病・代謝内科,MAPPED
（糖尿病・代謝,1,diabetes_metabolic,糖尿病・代謝内科,MAPPED
（糖尿病内分泌,1,diabetes_metabolic,糖尿病・代謝内科,MAPPED
（肝臓・呼吸器・循環器内科,1,cardiology|respiratory,循環器内科|呼吸器内科,MAPPED
（胃・大腸・肛）外,1,,,UNRESOLVED
（胃腸,1,,,UNRESOLVED
（腎臓・内分泌・糖尿病代謝・緩和ケア）内科,1,nephrology|diabetes_metabolic|palliative,腎臓内科|糖尿病・代謝内科|緩和ケア,MAPPED
（腫瘍,1,,,UNRESOLVED
（血液・腫瘍,1,,,UNRESOLVED
